OppName,Year,OppFPI,DukeFPI,FPI_diff,DukeFPI_NetChange,OppFPI_PrevYear,FPI_Diff_PrevYear,Site,Month,Date,Day,OnSaturday,Start_Time,Result,DukePts,OppPts,PointDiff,COVID_Limit,AttNum,AttPct,Renovated,MaxCapacity,DevilsDeck,Future_Game,UNC_Game,First_Game,First_Home_Game,Elko,Cutcliffe,Diaz,Weather,Rain,WeatherIndex,Temp,Humidity,City,State,ESPN_WinPred,TV_Coverage,Bowl,RegularSeason_PrevYear,SRS_PrevYear,SOS_PrevYear,Bowl_PrevYear,DukeRankGametime,OppRankGametime,OppRankSeasonEnd,DukeRankedGametime,OppRankedGametime,OppRankedSeasonEnd,1stSeedQB,SchoolBreak,NatlHoliday,ThanksgivingWeekend,LaborDayWeekend,Undefeated_All,Undefeated_Home,Game_After_Loss,Home_Game_After_Home_Loss,Win_Streak,Record_Past_2,Record_Past_3,Record_Past_4,Record_Past_5,Surface,NC_Opponent,TobaccoRoadGame,OppCityDist
Florida St.,2001,NA,NA,NA,NA,NA,NA,Home,9,1,Sat,1,18.000,L,13,55,-42,0,23312,68.68389264,0,43915,0,0,0,1,1,0,0,0,,,,74.3,97,,,NA,,,0,-13.91,4.63,0,,,,,,,,,0,0,1,NA,NA,NA,,0,0,0,0,0,,0,0,493.91
Rice,2001,NA,NA,NA,NA,NA,NA,Away,9,8,Sat,1,20.000,L,13,15,-2,0,17745,NA,0,43915,0,0,0,0,0,0,0,0,,,,87.4,68,,,NA,,,0,-13.91,4.63,0,,,,,,,,,0,0,0,0,0,1,,0,0,0,0,0,,0,0,1046.04
Northwestern,2001,NA,NA,NA,NA,NA,NA,Home,9,22,Sat,1,18.000,L,7,44,-37,0,18427,54.29127015,0,43915,0,0,0,0,0,0,0,0,,,,83.3,57,,,NA,,,0,-13.91,4.63,0,,,,,,,,,0,0,0,0,0,1,,0,0,0,0,0,,0,0,629.97
Virginia,2001,NA,NA,NA,NA,NA,NA,Away,9,29,Sat,1,13.000,L,10,31,-21,0,54653,NA,0,43915,0,0,0,0,0,0,0,0,,,,,,,,NA,,,0,-13.91,4.63,0,,,,,,,,,0,0,0,0,0,1,,0,0,0,0,0,,0,0,142.54
Georgia Tech,2001,NA,NA,NA,NA,NA,NA,Home,10,6,Sat,1,13.000,L,10,37,-27,0,10431,30.73274211,0,43915,0,0,0,0,0,0,0,0,,,,61.3,97,,,NA,,,0,-13.91,4.63,0,,,,,,,,,0,0,0,0,0,1,,0,0,0,0,0,,0,0,347.61
Wake Forest,2001,NA,NA,NA,NA,NA,NA,Home,10,13,Sat,1,13.000,L,35,42,-7,0,10835,31.92304293,0,43915,0,0,0,0,0,0,0,0,,,,77.4,54,,,NA,,,0,-13.91,4.63,0,,,,,,,,,0,0,0,0,0,1,,0,0,0,0,0,,1,1,75.75
Maryland,2001,NA,NA,NA,NA,NA,NA,Away,10,20,Sat,1,12.000,L,17,59,-42,0,43528,NA,0,43915,0,0,0,0,0,0,0,0,,,,,,,,NA,,,0,-13.91,4.63,0,,,,,,,,,0,0,0,0,0,1,,0,0,0,0,0,,0,0,232.69
Vanderbilt,2001,NA,NA,NA,NA,NA,NA,Home,10,27,Sat,1,13.000,L,28,42,-14,0,18332,54.01137268,0,43915,0,0,0,0,0,0,0,0,,,,50.4,36,,,NA,,,0,-13.91,4.63,0,,,,,,,,,0,0,0,0,0,1,,0,0,0,0,0,,0,0,440.39
North Carolina St.,2001,NA,NA,NA,NA,NA,NA,Home,11,3,Sat,1,14.000,L,31,55,-24,0,35206,103.7270558,0,43915,0,0,0,0,0,0,0,0,,,,79.3,44,,,NA,,,0,-13.91,4.63,0,,,,,,,,,0,0,0,0,0,1,,0,0,0,0,0,,1,1,21.14
North Carolina,2001,NA,NA,NA,NA,NA,NA,Away,11,17,Sat,1,13.500,L,17,52,-35,0,52000,NA,0,43915,0,0,1,0,0,0,0,0,,,,69.1,39,,,NA,,,0,-13.91,4.63,0,,,,,,,,,0,0,0,0,0,1,,0,0,0,0,0,,1,1,10.42
Clemson,2001,NA,NA,NA,NA,NA,NA,Away,12,1,Sat,1,13.000,L,31,59,-28,0,72577,NA,0,43915,0,0,0,0,0,0,0,0,,,,67.3,49,,,NA,,,0,-13.91,4.63,0,,,,,,,,,0,0,0,0,0,1,,0,0,0,0,0,,0,0,239.73
East Carolina,2002,NA,NA,NA,NA,NA,NA,Home,8,31,Sat,1,18.000,W,23,16,7,0,23276,68.57782623,0,43915,0,0,0,1,1,0,0,0,,,,67.3,97,,,NA,,,0,-16.57,3.16,0,,,,,,,,,0,0,1,NA,NA,NA,,0,0,0,0,0,,1,0,89.81
Louisville,2002,NA,NA,NA,NA,NA,NA,Home,9,7,Sat,1,19.000,L,3,40,-37,0,25486,75.08912525,0,43915,0,0,0,0,0,0,0,0,,,,78.4,43,,,NA,,,0,-16.57,3.16,0,,,,,,,,,0,0,0,1,1,0,,1,1,1,1,1,,0,0,408.82
Northwestern,2002,NA,NA,NA,NA,NA,NA,Away,9,14,Sat,1,13.000,L,21,26,-5,0,22910,NA,0,43915,0,0,0,0,0,0,0,0,,,,80.4,42,,,NA,,,0,-16.57,3.16,0,,,,,,,,,0,0,0,0,0,1,,0,1,1,1,1,,0,0,629.97
Florida St.,2002,NA,NA,NA,NA,NA,NA,Away,9,21,Sat,1,19.000,L,17,48,-31,0,82397,NA,0,43915,0,0,0,0,0,0,0,0,,,,89.1,55,,,NA,,,0,-16.57,3.16,0,,,,,,,,,0,0,0,0,0,1,,0,0,1,1,1,,0,0,493.91
Navy,2002,NA,NA,NA,NA,NA,NA,Away,9,28,Sat,1,12.000,W,43,17,26,0,31647,NA,0,43915,0,0,0,0,0,0,0,0,,,,73.4,53,,,NA,,,0,-16.57,3.16,0,,,,,,,,,0,0,0,0,0,1,,0,0,0,1,1,,0,0,244.78
Virginia,2002,NA,NA,NA,NA,NA,NA,Home,10,5,Sat,1,12.000,L,22,27,-5,0,17638,51.96664801,0,43915,0,0,0,0,0,0,0,0,,,,85.3,65,,,NA,,,0,-16.57,3.16,0,,,,,,,,,0,0,0,0,0,0,,1,1,1,1,2,,0,0,142.54
Wake Forest,2002,NA,NA,NA,NA,NA,NA,Away,10,12,Sat,1,15.500,L,10,36,-26,0,25856,NA,0,43915,0,0,0,0,0,0,0,0,,,,,,,,NA,,,0,-16.57,3.16,0,,,,,,,,,0,0,0,0,0,1,,0,1,1,1,1,,1,1,75.75
North Carolina St.,2002,NA,NA,NA,NA,NA,NA,Away,10,19,Sat,1,12.000,L,22,24,-2,0,51500,NA,0,43915,0,0,0,0,0,0,0,0,,,,64.2,52,,,NA,,,0,-16.57,3.16,0,,,,,,,,,0,0,0,0,0,1,,0,0,1,1,1,,1,1,21.14
Maryland,2002,NA,NA,NA,NA,NA,NA,Home,10,26,Sat,1,13.000,L,12,45,-33,0,23451,69.09342683,0,43915,0,0,0,0,0,0,0,0,,,,65.3,81,,,NA,,,0,-16.57,3.16,0,,,,,,,,,0,0,0,0,0,1,,0,0,0,1,1,,0,0,232.69
Clemson,2002,NA,NA,NA,NA,NA,NA,Home,11,2,Sat,1,13.000,L,31,34,-3,0,16479,48.55189888,0,43915,0,0,0,0,0,0,0,0,,,,53.4,26,,,NA,,,0,-16.57,3.16,0,,,,,,,,,0,0,0,0,0,1,,0,0,0,0,1,,0,0,239.73
Georgia Tech,2002,NA,NA,NA,NA,NA,NA,Away,11,16,Sat,1,13.000,L,2,17,-15,0,41335,NA,0,43915,0,0,0,0,0,0,0,0,,,,56.3,90,,,NA,,,0,-16.57,3.16,0,,,,,,,,,0,0,0,0,0,1,,0,0,0,0,0,,0,0,347.61
North Carolina,2002,NA,NA,NA,NA,NA,NA,Home,11,23,Sat,1,12.000,L,21,23,-2,0,30002,88.39456704,0,43915,0,0,1,0,0,0,0,0,,,,48.4,39,,,NA,,,0,-16.57,3.16,0,,,,,,,,,0,0,0,0,0,1,,0,0,0,0,0,,1,1,10.42
Virginia,2003,NA,NA,NA,NA,NA,NA,Away,8,30,Sat,1,19.000,L,0,27,-27,0,61737,NA,0,43915,0,0,0,1,0,0,0,0,,,,,,,,NA,,,0.166666667,-7.05,2.54,0,,,,,,,,,0,0,1,NA,NA,NA,,0,0,0,0,0,,0,0,142.54
Western Carolina,2003,NA,NA,NA,NA,NA,NA,Home,9,6,Sat,1,18.000,W,29,3,26,0,18022,53.09802304,0,43915,0,0,0,0,1,0,0,0,,,,70.3,68,,,NA,,,0.166666667,-7.05,2.54,0,,,,,,,,,0,0,0,0,NA,1,,0,0,0,0,0,,1,0,244.71
Rice,2003,NA,NA,NA,NA,NA,NA,Home,9,13,Sat,1,18.000,W,27,24,3,0,18742,55.21935123,0,43915,0,0,0,0,0,0,0,0,,,,72.3,84,,,NA,,,0.166666667,-7.05,2.54,0,,,,,,,,,0,0,0,0,1,0,,1,1,1,1,1,,0,0,1046.04
Northwestern,2003,NA,NA,NA,NA,NA,NA,Home,9,20,Sat,1,14.000,L,10,28,-18,0,21143,62.29339147,0,43915,0,0,0,0,0,0,0,0,,,,83.3,51,,,NA,,,0.166666667,-7.05,2.54,0,,,,,,,,,0,0,0,0,1,0,,2,2,2,2,2,,0,0,629.97
Florida St.,2003,NA,NA,NA,NA,NA,NA,Home,9,27,Sat,1,19.000,L,7,56,-49,0,24370,71.80106656,0,43915,0,0,0,0,0,0,0,0,,,,73.4,76,,,NA,,,0.166666667,-7.05,2.54,0,,,,,,,,,0,0,0,0,0,1,,0,1,2,2,2,,0,0,493.91
Maryland,2003,NA,NA,NA,NA,NA,NA,Away,10,11,Sat,1,18.000,L,20,33,-13,0,50084,NA,0,43915,0,0,0,0,0,0,0,0,,,,70.7,66,,,NA,,,0.166666667,-7.05,2.54,0,,,,,,,,,0,0,0,0,0,1,,0,0,1,2,2,,0,0,232.69
Wake Forest,2003,NA,NA,NA,NA,NA,NA,Home,10,18,Sat,1,12.000,L,13,42,-29,0,17314,51.01205032,0,43915,0,0,0,0,0,0,0,0,,,,59.4,58,,,NA,,,0.166666667,-7.05,2.54,0,,,,,,,,,0,0,0,0,0,1,,0,0,0,1,2,,1,1,75.75
North Carolina St.,2003,NA,NA,NA,NA,NA,NA,Home,10,25,Sat,1,13.000,L,21,28,-7,0,27614,81.35882856,0,43915,0,0,0,0,0,0,0,0,,,,65.3,65,,,NA,,,0.166666667,-7.05,2.54,0,,,,,,,,,0,0,0,0,0,1,,0,0,0,0,1,,1,1,21.14
Tennessee,2003,NA,NA,NA,NA,NA,NA,Away,11,1,Sat,1,17.000,L,6,23,-17,0,104772,NA,0,43915,0,0,0,0,0,0,0,0,,,,75.4,52,,,NA,,,0.166666667,-7.05,2.54,0,,,,,,,,,0,0,0,0,0,1,,0,0,0,0,0,,0,0,280.78
Georgia Tech,2003,NA,NA,NA,NA,NA,NA,Home,11,8,Sat,1,13.000,W,41,17,24,0,12976,38.231048,0,43915,0,0,0,0,0,0,0,0,,,,54.3,72,,,NA,,,0.166666667,-7.05,2.54,0,,,,,,,,,0,0,0,0,0,1,,0,0,0,0,0,,0,0,347.61
Clemson,2003,NA,NA,NA,NA,NA,NA,Away,11,15,Sat,1,13.000,L,7,40,-33,0,71731,NA,0,43915,0,0,0,0,0,0,0,0,,,,62.4,23,,,NA,,,0.166666667,-7.05,2.54,0,,,,,,,,,0,0,0,0,0,0,,1,1,1,1,1,,0,0,239.73
North Carolina,2003,NA,NA,NA,NA,NA,NA,Away,11,22,Sat,1,13.083,W,30,22,8,0,48000,NA,0,43915,0,0,1,0,0,0,0,0,,,,72,35,,,NA,,,0.166666667,-7.05,2.54,0,,,,,,,,,0,0,0,0,0,1,,0,1,1,1,1,,1,1,10.42
Navy,2004,NA,NA,NA,NA,NA,NA,Away,9,4,Sat,1,18.000,L,12,27,-15,0,29027,NA,0,43915,0,0,0,1,0,0,0,0,,,,83.3,43,,,NA,,,0.333333333,-3.02,4.31,0,,,,,,,,,0,0,1,NA,NA,NA,,1,1,2,2,2,,0,0,244.78
Connecticut,2004,NA,NA,NA,NA,NA,NA,Away,9,11,Sat,1,12.000,L,20,22,-2,0,40000,NA,0,43915,0,0,0,0,0,0,0,0,,,,,,,,NA,,,0.333333333,-3.02,4.31,0,,,,,,,,,0,0,0,0,NA,1,,0,1,1,2,2,,0,0,537.14
Virginia Tech,2004,NA,NA,NA,NA,NA,NA,Away,9,18,Sat,1,12.000,L,17,41,-24,0,65115,NA,0,43915,0,0,0,0,0,0,0,0,,,,61,68,,,NA,,,0.333333333,-3.02,4.31,0,,,,,,,,,0,0,0,0,NA,1,,0,0,1,1,2,,0,0,119.79
Maryland,2004,NA,NA,NA,NA,NA,NA,Home,9,25,Sat,1,12.000,L,21,55,-34,0,16298,48.01862055,0,43915,0,0,0,0,1,0,0,0,,,,70.3,73,,,NA,,,0.333333333,-3.02,4.31,0,,,,,,,,,0,0,0,0,NA,1,,0,0,0,1,1,,0,0,232.69
The Citadel,2004,NA,NA,NA,NA,NA,NA,Home,10,2,Sat,1,14.000,W,28,10,18,0,16814,49.53890575,0,43915,0,0,0,0,0,0,0,0,,,,81.3,67,,,NA,,,0.333333333,-3.02,4.31,0,,,,,,,,,0,0,0,0,0,1,,0,0,0,0,1,,0,0,229.96
Georgia Tech,2004,NA,NA,NA,NA,NA,NA,Away,10,16,Sat,1,12.000,L,7,24,-17,0,46856,NA,0,43915,0,0,0,0,0,0,0,0,,,,66.4,45,,,NA,,,0.333333333,-3.02,4.31,0,,,,,,,,,0,0,0,0,0,0,,1,1,1,1,1,,0,0,347.61
Virginia,2004,NA,NA,NA,NA,NA,NA,Home,10,23,Sat,1,13.000,L,16,37,-21,0,24157,71.17350697,0,43915,0,0,0,0,0,0,0,0,,,,61.3,52,,,NA,,,0.333333333,-3.02,4.31,0,,,,,,,,,0,0,0,0,0,1,,0,1,1,1,1,,0,0,142.54
Wake Forest,2004,NA,NA,NA,NA,NA,NA,Away,10,30,Sat,1,12.000,L,22,24,-2,0,25762,NA,0,43915,0,0,0,0,0,0,0,0,,,,70,81,,,NA,,,0.333333333,-3.02,4.31,0,,,,,,,,,0,0,0,0,0,1,,0,0,1,1,1,,1,1,75.75
Florida St.,2004,NA,NA,NA,NA,NA,NA,Away,11,6,Sat,1,13.000,L,7,29,-22,0,80598,NA,0,43915,0,0,0,0,0,0,0,0,,,,68,33,,,NA,,,0.333333333,-3.02,4.31,0,,,,,,,,,0,0,0,0,0,1,,0,0,0,1,1,,0,0,493.91
Clemson,2004,NA,NA,NA,NA,NA,NA,Home,11,13,Sat,1,13.000,W,16,13,3,0,24714,72.81459002,0,43915,0,0,0,0,0,0,0,0,,,,54.3,61,,,NA,,,0.333333333,-3.02,4.31,0,,,,,,,,,0,0,0,0,0,1,,0,0,0,0,1,,0,0,239.73
North Carolina,2004,NA,NA,NA,NA,NA,NA,Home,11,20,Sat,1,12.000,L,17,40,-23,0,30541,89.98261689,0,43915,0,0,1,0,0,0,0,0,,,,68.4,68,,,NA,,,0.333333333,-3.02,4.31,0,,,,,,,,,0,0,0,0,0,0,,1,1,1,1,1,,1,1,10.42
East Carolina,2005,-7.5,-13.8,6.3,NA,NA,NA,Away,9,3,Sat,1,13.000,L,21,24,-3,0,35107,NA,0,43915,0,0,0,1,0,0,0,0,,,,,,,,NA,,,0.181818182,-8.04,4.23,0,,,,,,,,,0,0,1,NA,NA,NA,,0,1,1,1,1,,1,0,89.81
Virginia Tech,2005,22.6,-13.8,36.4,NA,NA,NA,Home,9,10,Sat,1,12.000,L,0,45,-45,0,25014,73.69847677,0,43915,0,0,0,0,1,0,0,0,,,,84.4,41,,,NA,,,0.181818182,-8.04,4.23,0,,,,,,,,,0,0,0,0,NA,1,,0,0,1,1,1,,0,0,119.79
VMI,2005,NA,-13.8,NA,NA,NA,NA,Home,9,17,Sat,1,13.000,W,40,14,26,0,10126,29.83412392,0,43915,0,0,0,0,0,0,0,0,,,,90.3,44,,,NA,,,0.181818182,-8.04,4.23,0,,,,,,,,,0,0,0,0,0,1,,0,0,0,1,1,,0,0,127.28
Virginia,2005,7.7,-13.8,21.5,NA,NA,NA,Away,9,24,Sat,1,15.500,L,7,38,-31,0,61021,NA,0,43915,0,0,0,0,0,0,0,0,,,,67.3,71,,,NA,,,0.181818182,-8.04,4.23,0,,,,,,,,,0,0,0,0,0,0,,1,1,1,1,2,,0,0,142.54
Navy,2005,-1.5,-13.8,12.3,NA,NA,NA,Home,10,1,Sat,1,13.000,L,21,28,-7,0,15246,44.91912436,0,43915,0,0,0,0,0,0,0,0,,,,77.4,52,,,NA,,,0.181818182,-8.04,4.23,0,,,,,,,,,0,0,0,0,0,1,,0,1,1,1,1,,0,0,244.78
Miami (Fla.),2005,16.7,-13.8,30.5,NA,NA,NA,Away,10,8,Sat,1,15.500,L,7,52,-45,0,40315,NA,0,43915,0,0,0,0,0,0,0,0,,,,,,,,NA,,,0.181818182,-8.04,4.23,0,,,,,,,,,0,0,0,0,0,1,,0,0,1,1,1,,0,0,716.28
Georgia Tech,2005,6.6,-13.8,20.4,NA,NA,NA,Home,10,15,Sat,1,15.500,L,10,35,-25,0,17451,51.41569194,0,43915,0,0,0,0,0,0,0,0,,,,78.4,39,,,NA,,,0.181818182,-8.04,4.23,0,,,,,,,,,0,0,0,0,0,1,,0,0,0,1,1,,0,0,347.61
Florida St.,2005,11.7,-13.8,25.5,NA,NA,NA,Home,10,22,Sat,1,15.500,L,24,55,-31,0,21731,64.02580949,0,43915,0,0,0,0,0,0,0,0,,,,72.3,71,,,NA,,,0.181818182,-8.04,4.23,0,,,,,,,,,0,0,0,0,0,1,,0,0,0,0,1,,0,0,493.91
Wake Forest,2005,1.1,-13.8,14.9,NA,NA,NA,Home,10,29,Sat,1,12.000,L,6,44,-38,0,15347,45.21669957,0,43915,0,0,0,0,0,0,0,0,,,,55.4,38,,,NA,,,0.181818182,-8.04,4.23,0,,,,,,,,,0,0,0,0,0,1,,0,0,0,0,0,,1,1,75.75
Clemson,2005,10.8,-13.8,24.6,NA,NA,NA,Away,11,5,Sat,1,14.000,L,20,49,-29,0,77278,NA,0,43915,0,0,0,0,0,0,0,0,,,,72.3,51,,,NA,,,0.181818182,-8.04,4.23,0,,,,,,,,,0,0,0,0,0,1,,0,0,0,0,0,,0,0,239.73
North Carolina,2005,1.9,-13.8,15.7,NA,NA,NA,Away,11,19,Sat,1,13.000,L,21,24,-3,0,55000,NA,0,43915,0,0,1,0,0,0,0,0,,,,53.1,24,,,NA,,,0.181818182,-8.04,4.23,0,,,,,,,,,0,0,0,0,0,1,,0,0,0,0,0,,1,1,10.42
Richmond,2006,NA,-13.7,NA,0.1,NA,NA,Home,9,2,Sat,1,18.000,L,0,13,-13,0,27546,81.15848089,0,43915,0,0,0,1,1,0,0,0,,,,83.3,51,,,NA,,,0.0909090909,-10.71,4.29,0,,,,,,,,,0,0,1,NA,NA,NA,,0,0,0,0,0,,0,0,133.98
Wake Forest,2006,6.5,-13.7,20.2,0.1,1.1,14.9,Away,9,9,Sat,1,12.000,L,13,14,-1,0,26071,NA,0,43915,0,0,0,0,0,0,0,0,,,,80.1,60,,,NA,,,0.0909090909,-10.71,4.29,0,,,,,,,,,0,0,0,0,0,1,,0,0,0,0,0,,1,1,75.75
Virginia Tech,2006,14,-13.7,27.7,0.1,22.6,36.4,Away,9,16,Sat,1,12.000,L,0,36,-36,0,66233,NA,0,43915,0,0,0,0,0,0,0,0,,,,71.8,65,,,NA,,,0.0909090909,-10.71,4.29,0,,,,,,,,,0,0,0,0,0,1,,0,0,0,0,0,,0,0,119.79
Virginia,2006,0.4,-13.7,14.1,0.1,7.7,21.5,Home,9,30,Sat,1,12.000,L,0,37,-37,0,19241,56.68954951,0,43915,0,0,0,0,0,0,0,0,,,,72.3,48,,,NA,,,0.0909090909,-10.71,4.29,0,,,,,,,,,0,0,0,0,0,1,,0,0,0,0,0,,0,0,142.54
Alabama,2006,8.4,-13.7,22.1,0.1,14.8,28.6,Away,10,7,Sat,1,19.117,L,14,30,-16,0,92138,NA,0,43915,0,0,0,0,0,0,0,0,,,,75,36,,,NA,,,0.0909090909,-10.71,4.29,0,,,,,,,,,0,0,0,0,0,1,,0,0,0,0,0,,0,0,529.05
Florida St.,2006,9.9,-13.7,23.6,0.1,11.7,25.5,Home,10,14,Sat,1,13.000,L,24,51,-27,0,17525,51.63371733,0,43915,0,0,0,0,0,0,0,0,,,,61.3,25,,,NA,,,0.0909090909,-10.71,4.29,0,,,,,,,,,0,0,0,0,0,1,,0,0,0,0,0,,0,0,493.91
Miami (Fla.),2006,7.1,-13.7,20.8,0.1,16.7,30.5,Home,10,21,Sat,1,13.000,L,15,20,-5,0,16291,47.99799652,0,43915,0,0,0,0,0,0,0,0,,,,61.3,48,,,NA,,,0.0909090909,-10.71,4.29,0,,,,,,,,,0,0,0,0,0,1,,0,0,0,0,0,,0,0,716.28
Vanderbilt,2006,-0.1,-13.7,13.6,0.1,1.2,15,Home,10,28,Sat,1,13.000,L,28,45,-17,0,14198,41.83141333,0,43915,0,0,0,0,0,0,0,0,,,,70.3,46,,,NA,,,0.0909090909,-10.71,4.29,0,,,,,,,,,0,0,0,0,0,1,,0,0,0,0,0,,0,0,440.39
Navy,2006,3.3,-13.7,17,0.1,-1.5,12.3,Home,11,4,Sat,1,14.000,L,13,38,-25,0,17782,52.39091364,0,43915,0,0,0,0,0,0,0,0,,,,50.4,26,,,NA,,,0.0909090909,-10.71,4.29,0,,,,,,,,,0,0,0,0,0,1,,0,0,0,0,0,,0,0,244.78
Boston College,2006,11.7,-13.7,25.4,0.1,12.1,25.9,Away,11,11,Sat,1,19.000,L,7,28,-21,0,42326,NA,0,43915,0,0,0,0,0,0,0,0,,,,55.6,80,,,NA,,,0.0909090909,-10.71,4.29,0,,,,,,,,,0,0,0,0,0,1,,0,0,0,0,0,,0,0,600.94
Georgia Tech,2006,8.3,-13.7,22,0.1,6.6,20.4,Away,11,18,Sat,1,13.500,L,21,49,-28,0,46768,NA,0,43915,0,0,0,0,0,0,0,0,,,,60.6,23,,,NA,,,0.0909090909,-10.71,4.29,0,,,,,,,,,0,0,0,0,0,1,,0,0,0,0,0,,0,0,347.61
North Carolina,2006,-4.8,-13.7,8.9,0.1,1.9,15.7,Home,11,25,Sat,1,12.000,L,44,45,-1,0,24478,72.11926578,0,43915,0,0,1,0,0,0,0,0,,,,61.3,32,,,NA,,,0.0909090909,-10.71,4.29,0,,,,,,,,,0,1,0,0,0,1,,0,0,0,0,0,,1,1,10.42
Connecticut,2007,5.7,-9.5,15.2,4.2,-2.4,11.3,Home,9,1,Sat,1,14.000,L,14,45,-31,0,17251,50.82643411,0,43915,0,0,0,1,1,0,0,0,,,,85.3,42,,,NA,,,0,-14.98,2.36,0,,,,,,,,,0,0,1,NA,NA,NA,,0,0,0,0,0,,0,0,537.14
Virginia,2007,7.9,-9.5,17.4,4.2,0.4,14.1,Away,9,8,Sat,1,12.000,L,13,24,-11,0,58554,NA,0,43915,0,0,0,0,0,0,0,0,,,,80.4,64,,,NA,,,0,-14.98,2.36,0,,,,,,,,,0,0,0,0,0,1,,0,0,0,0,0,,0,0,142.54
Northwestern,2007,-4,-9.5,5.5,4.2,-3.9,9.8,Away,9,15,Sat,1,20.117,W,20,14,6,0,23716,NA,0,43915,0,0,0,0,0,0,0,0,,,,54.1,50,,,NA,,,0,-14.98,2.36,0,,,,,,,,,0,0,0,0,0,1,,0,0,0,0,0,,0,0,629.97
Navy,2007,-2.6,-9.5,6.9,4.2,3.3,17,Away,9,22,Sat,1,13.000,L,43,46,-3,0,31278,NA,0,43915,0,0,0,0,0,0,0,0,,,,80.6,70,,,NA,,,0,-14.98,2.36,0,,,,,,,,,0,0,0,0,0,0,,1,1,1,1,1,,0,0,244.78
Miami (Fla.),2007,1.3,-9.5,10.8,4.2,7.1,20.8,Away,9,29,Sat,1,12.000,L,14,24,-10,0,30614,NA,0,43915,0,0,0,0,0,0,0,0,,,,,,,,NA,,,0,-14.98,2.36,0,,,,,,,,,0,0,0,0,0,1,,0,1,1,1,1,,0,0,716.28
Wake Forest,2007,6.5,-9.5,16,4.2,6.5,20.2,Home,10,6,Sat,1,13.000,L,36,41,-5,0,20134,59.32058572,0,43915,0,0,0,0,0,0,0,0,,,,75.4,82,,,NA,,,0,-14.98,2.36,0,,,,,,,,,0,0,0,0,0,1,,0,0,1,1,1,,1,1,75.75
Virginia Tech,2007,16.3,-9.5,25.8,4.2,14,27.7,Home,10,13,Sat,1,12.000,L,14,43,-29,0,23691,69.80053622,0,43915,0,0,0,0,0,0,0,0,,,,66.4,34,,,NA,,,0,-14.98,2.36,0,,,,,,,,,0,0,0,0,0,1,,0,0,0,1,1,,0,0,119.79
Florida St.,2007,7.6,-9.5,17.1,4.2,9.9,23.6,Away,10,27,Sat,1,20.000,L,6,25,-19,0,79159,NA,0,43915,0,0,0,0,0,0,0,0,,,,66.9,59,,,NA,,,0,-14.98,2.36,0,,,,,,,,,0,0,0,0,0,1,,0,0,0,0,1,,0,0,493.91
Clemson,2007,15.2,-9.5,24.7,4.2,14.1,27.8,Home,11,3,Sat,1,12.000,L,10,47,-37,0,20457,60.27223712,0,43915,0,0,0,0,0,0,0,0,,,,56.3,43,,,NA,,,0,-14.98,2.36,0,,,,,,,,,0,0,0,0,0,1,,0,0,0,0,0,,0,0,239.73
Georgia Tech,2007,4.9,-9.5,14.4,4.2,8.3,22,Home,11,10,Sat,1,13.000,L,24,41,-17,0,18788,55.35488053,0,43915,0,0,0,0,0,0,0,0,,,,54.3,43,,,NA,,,0,-14.98,2.36,0,,,,,,,,,0,0,0,0,0,1,,0,0,0,0,0,,0,0,347.61
Notre Dame,2007,-5.2,-9.5,4.3,4.2,14.1,27.8,Away,11,17,Sat,1,14.500,L,7,28,-21,0,80975,NA,0,43915,0,0,0,0,0,0,0,0,,,,42.3,67,,,NA,,,0,-14.98,2.36,0,,,,,,,,,0,0,0,0,0,1,,0,0,0,0,0,,0,0,557.63
North Carolina,2007,-0.9,-9.5,8.6,4.2,-4.8,8.9,Away,11,24,Sat,1,15.500,L,14,20,-6,0,52000,NA,0,43915,0,0,1,0,0,0,0,0,,,,48,33,,,NA,,,0,-14.98,2.36,0,,,,,,,,,0,1,0,0,0,1,,0,0,0,0,0,,1,1,10.42
James Madison,2008,NA,-0.3,NA,9.2,NA,NA,Home,8,30,Sat,1,19.000,W,31,7,24,0,32571,95.96358387,0,43915,0,0,0,1,1,0,1,0,,,,81.3,69,,,NA,,,0.0833333333,-10.34,3.33,0,,,,,,,,,0,0,1,NA,NA,NA,,0,0,0,0,0,,0,0,169.67
Northwestern,2008,5.6,-0.3,5.9,9.2,-4,5.5,Home,9,6,Sat,1,19.000,L,20,24,-4,0,23614,69.57367196,0,43915,0,0,0,0,0,0,1,0,,,,84.4,59,,,NA,,,0.0833333333,-10.34,3.33,0,,,,,,,,,0,0,0,1,1,0,,1,1,1,1,1,,0,0,629.97
Navy,2008,0.1,-0.3,0.4,9.2,-2.6,6.9,Home,9,13,Sat,1,12.000,W,41,31,10,0,25082,73.89882443,0,43915,0,0,0,0,0,0,1,0,,,,86.4,63,,,NA,,,0.0833333333,-10.34,3.33,0,,,,,,,,,0,0,0,0,0,1,,0,1,1,1,1,,0,0,244.78
Virginia,2008,2.4,-0.3,2.7,9.2,7.9,17.4,Home,9,27,Sat,1,12.000,W,31,3,28,0,25527,75.2099231,0,43915,0,0,0,0,0,0,1,0,,,,74.3,74,,,NA,,,0.0833333333,-10.34,3.33,0,,,,,,,,,0,0,0,0,0,0,,1,1,2,2,2,,0,0,142.54
Georgia Tech,2008,4.6,-0.3,4.9,9.2,4.9,14.4,Away,10,4,Sat,1,12.000,L,0,27,-27,0,46104,NA,0,43915,0,0,0,0,0,0,1,0,,,,75.6,47,,,NA,,,0.0833333333,-10.34,3.33,0,,,,,,,,,0,0,0,0,0,0,,2,2,2,3,3,,0,0,347.61
Miami (Fla.),2008,7.1,-0.3,7.4,9.2,1.3,10.8,Home,10,18,Sat,1,15.500,L,31,49,-18,0,32011,94.31366194,0,43915,0,0,0,0,0,0,1,0,,,,58.3,60,,,NA,,,0.0833333333,-10.34,3.33,0,,,,,,,,,0,0,0,0,0,1,,0,1,2,2,3,,0,0,716.28
Vanderbilt,2008,3.6,-0.3,3.9,9.2,3,12.5,Away,10,25,Sat,1,15.000,W,10,7,3,0,38270,NA,0,43915,0,0,0,0,0,0,1,0,,,,60.4,40,,,NA,,,0.0833333333,-10.34,3.33,0,,,,,,,,,0,0,0,0,0,1,,0,0,1,2,2,,0,0,440.39
Wake Forest,2008,5.6,-0.3,5.9,9.2,6.5,16,Away,11,1,Sat,1,15.500,L,30,33,-3,0,32226,NA,0,43915,0,0,0,0,0,0,1,0,,,,73.9,22,,,NA,,,0.0833333333,-10.34,3.33,0,,,,,,,,,0,0,0,0,0,0,,1,1,1,2,3,,1,1,75.75
North Carolina St.,2008,1.4,-0.3,1.7,9.2,-2.7,6.8,Home,11,8,Sat,1,15.500,L,17,27,-10,0,31964,94.17518635,0,43915,0,0,0,0,0,0,1,0,,,,71.4,32,,,NA,,,0.0833333333,-10.34,3.33,0,,,,,,,,,0,0,0,0,0,1,,0,1,1,1,2,,1,1,21.14
Clemson,2008,11.5,-0.3,11.8,9.2,15.2,24.7,Away,11,15,Sat,1,12.000,L,7,31,-24,0,75000,NA,0,43915,0,0,0,0,0,0,1,0,,,,64.8,48,,,NA,,,0.0833333333,-10.34,3.33,0,,,,,,,,,0,0,0,0,0,1,,0,0,1,1,1,,0,0,239.73
Virginia Tech,2008,9.2,-0.3,9.5,9.2,16.3,25.8,Away,11,22,Sat,1,17.500,L,3,14,-11,0,66233,NA,0,43915,0,0,0,0,0,0,1,0,,,,30.4,40,,,NA,,,0.0833333333,-10.34,3.33,0,,,,,,,,,0,0,0,0,0,1,,0,0,0,1,1,,0,0,119.79
North Carolina,2008,9.4,-0.3,9.7,9.2,-0.9,8.6,Home,11,29,Sat,1,15.500,L,20,28,-8,0,30322,89.33737957,0,43915,0,0,1,0,0,0,1,0,,,,46.4,55,,,NA,,,0.0833333333,-10.34,3.33,0,,,,,,,,,0,1,0,0,0,1,,0,0,0,0,1,,1,1,10.42
Richmond,2009,NA,-1.7,NA,-1.4,NA,NA,Home,9,5,Sat,1,19.000,L,16,24,-8,0,33311,98.14383784,0,43915,0,0,0,0,0,0,1,0,,,,84.4,44,,,NA,,,0.3333333333,-0.39,3.28,0,,,,,,,,,0,0,1,NA,NA,NA,,0,0,0,0,0,,0,0,133.98
Army,2009,-14.6,-1.7,-12.9,-1.4,-13.8,-13.5,Away,9,12,Sat,1,12.000,W,35,19,16,0,25698,NA,0,43915,0,0,0,1,0,0,1,0,,,,65.1,87,,,NA,,,0.3333333333,-0.39,3.28,0,,,,,,,,,0,0,0,0,0,1,,0,0,0,0,0,,0,0,458.21
Kansas,2009,6.7,-1.7,8.4,-1.4,11.2,11.5,Away,9,19,Sat,1,12.000,L,16,44,-28,0,50101,NA,0,43915,0,0,0,0,0,0,1,0,,,,70.9,51,,,NA,,,0.3333333333,-0.39,3.28,0,,,,,,,,,0,0,0,0,0,0,,1,1,1,1,1,,0,0,917.66
N.C. Central,2009,NA,-1.7,NA,-1.4,NA,NA,Home,9,26,Sat,1,19.000,W,49,14,35,0,26390,77.75257064,0,43915,0,0,0,0,1,0,1,0,,,,67.3,90,,,NA,,,0.3333333333,-0.39,3.28,0,,,,,,,,,0,0,0,0,0,1,,0,1,1,1,1,,1,0,5.65
Virginia Tech,2009,20.8,-1.7,22.5,-1.4,9.2,9.5,Home,10,3,Sat,1,12.000,L,26,34,-8,0,26211,77.22518488,0,43915,0,0,0,0,0,0,1,0,,,,76.3,52,,,NA,,,0.3333333333,-0.39,3.28,0,,,,,,,,,0,0,0,0,0,0,,1,1,2,2,2,,0,0,119.79
North Carolina St.,2009,1.1,-1.7,2.8,-1.4,1.4,1.7,Away,10,10,Sat,1,16.000,W,49,28,21,0,56452,NA,0,43915,0,0,0,0,0,0,1,0,,,,78.3,56,,,NA,,,0.3333333333,-0.39,3.28,0,,,,,,,,,0,0,0,0,0,1,,0,1,1,2,2,,1,1,21.14
Maryland,2009,-4.2,-1.7,-2.5,-1.4,2.8,3.1,Home,10,24,Sat,1,13.500,W,17,13,4,0,24650,72.62602752,0,43915,0,0,0,0,0,0,1,0,,,,79.3,67,,,NA,,,0.3333333333,-0.39,3.28,0,,,,,,,,,0,0,0,0,0,0,,1,1,2,2,3,,0,0,232.69
Virginia,2009,0.6,-1.7,2.3,-1.4,2.4,2.7,Away,10,31,Sat,1,15.500,W,28,17,11,0,41713,NA,0,43915,0,0,0,0,0,0,1,0,,,,67.3,81,,,NA,,,0.3333333333,-0.39,3.28,0,,,,,,,,,0,0,0,0,0,0,,2,2,2,3,3,,0,0,142.54
North Carolina,2009,9,-1.7,10.7,-1.4,9.4,9.7,Away,11,7,Sat,1,15.500,L,6,19,-13,0,59750,NA,0,43915,0,0,1,0,0,0,1,0,,,,64.9,33,,,NA,,,0.3333333333,-0.39,3.28,0,,,,,,,,,0,0,0,0,0,0,,3,2,3,3,4,,1,1,10.42
Georgia Tech,2009,14.7,-1.7,16.4,-1.4,4.6,4.9,Home,11,14,Sat,1,12.000,L,10,49,-39,0,25899,76.30594267,0,43915,0,0,0,0,0,0,1,0,,,,61.3,70,,,NA,,,0.3333333333,-0.39,3.28,0,,,,,,,,,0,0,0,0,0,1,,0,1,2,3,3,,0,0,347.61
Miami (Fla.),2009,13.8,-1.7,15.5,-1.4,7.1,7.4,Away,11,21,Sat,1,12.000,L,16,34,-18,0,38200,NA,0,43915,0,0,0,0,0,0,1,0,,,,82,60,,,NA,,,0.3333333333,-0.39,3.28,0,,,,,,,,,0,0,0,0,0,1,,0,0,1,2,3,,0,0,716.28
Wake Forest,2009,5.3,-1.7,7,-1.4,5.6,5.9,Home,11,28,Sat,1,12.000,L,34,45,-11,0,21420,63.10951357,0,43915,0,0,0,0,0,0,1,0,,,,52.3,33,,,NA,,,0.3333333333,-0.39,3.28,0,,,,,,,,,0,1,0,0,0,1,,0,0,0,1,2,,1,1,75.75
Elon,2010,NA,-4,NA,-2.3,NA,NA,Home,9,4,Sat,1,19.000,W,41,27,14,0,33941,100,0,43915,0,0,0,1,1,0,1,0,,,,82.4,24,,,NA,,,0.416666667,-2.45,-0.2,0,,,,,,,,,0,0,1,NA,NA,NA,,0,0,0,0,1,,1,0,34.79
Wake Forest,2010,-6,-4,-2,-2.3,5.3,7,Away,9,11,Sat,1,12.000,L,48,54,-6,0,31673,NA,0,43915,0,0,0,0,0,0,1,0,,,,72,59,,,NA,,,0.416666667,-2.45,-0.2,0,,,,,,,,,0,0,0,1,1,0,,1,1,1,1,1,,1,1,75.75
Alabama,2010,26.2,-4,30.2,-2.3,24,25.7,Home,9,18,Sat,1,15.500,L,13,62,-49,0,39042,115.0290209,0,43915,0,0,0,0,0,0,1,0,,,,85.3,39,,,NA,,,0.416666667,-2.45,-0.2,0,,,,,,,,,0,0,0,0,1,1,,0,1,1,1,1,,0,0,529.05
Army,2010,-5,-4,-1,-2.3,-14.6,-12.9,Home,9,25,Sat,1,15.000,L,21,35,-14,0,27289,80.40128458,0,43915,0,0,0,0,0,0,1,0,,,,96.4,30,,,NA,,,0.416666667,-2.45,-0.2,0,,,,,,,,,0,0,0,0,0,1,,0,0,1,1,1,,0,0,458.21
Maryland,2010,8.2,-4,12.2,-2.3,-4.2,-2.5,Away,10,2,Sat,1,18.000,L,16,21,-5,0,39106,NA,0,43915,0,0,0,0,0,0,1,0,,,,69.6,40,,,NA,,,0.416666667,-2.45,-0.2,0,,,,,,,,,0,0,0,0,0,1,,0,0,0,1,1,,0,0,232.69
Miami (Fla.),2010,12,-4,16,-2.3,13.8,15.5,Home,10,16,Sat,1,13.000,L,13,28,-15,0,25911,76.34129813,0,43915,0,0,0,0,0,0,1,0,,,,66.4,34,,,NA,,,0.416666667,-2.45,-0.2,0,,,,,,,,,0,0,0,0,0,1,,0,0,0,0,1,,0,0,716.28
Virginia Tech,2010,18.4,-4,22.4,-2.3,20.8,22.5,Away,10,23,Sat,1,12.000,L,7,44,-37,0,66233,NA,0,43915,0,0,0,0,0,0,1,0,,,,61,48,,,NA,,,0.416666667,-2.45,-0.2,0,,,,,,,,,0,0,0,0,0,1,,0,0,0,0,0,,0,0,119.79
Navy,2010,2.7,-4,6.7,-2.3,4,5.7,Away,10,30,Sat,1,15.500,W,34,31,3,0,34117,NA,0,43915,0,0,0,0,0,0,1,0,,,,57.2,36,,,NA,,,0.416666667,-2.45,-0.2,0,,,,,,,,,0,0,0,0,0,1,,0,0,0,0,0,,0,0,244.78
Virginia,2010,-1.9,-4,2.1,-2.3,0.6,2.3,Home,11,6,Sat,1,12.000,W,55,48,7,0,22741,67.00156153,0,43915,0,0,0,0,0,0,1,0,,,,43.3,93,,,NA,,,0.416666667,-2.45,-0.2,0,,,,,,,,,0,0,0,0,0,0,,1,1,1,1,1,,0,0,142.54
Boston College,2010,3.3,-4,7.3,-2.3,7,8.7,Home,11,13,Sat,1,12.000,L,16,21,-5,0,21420,63.10951357,0,43915,0,0,0,0,0,0,1,0,,,,63.3,20,,,NA,,,0.416666667,-2.45,-0.2,0,,,,,,,,,0,0,0,0,0,0,,2,2,2,2,2,,0,0,600.94
Georgia Tech,2010,5.3,-4,9.3,-2.3,14.7,16.4,Away,11,20,Sat,1,13.500,L,20,30,-10,0,42110,NA,0,43915,0,0,0,0,0,0,1,0,,,,68.7,38,,,NA,,,0.416666667,-2.45,-0.2,0,,,,,,,,,0,0,0,0,0,1,,0,1,2,2,2,,0,0,347.61
North Carolina,2010,10.4,-4,14.4,-2.3,9,10.7,Home,11,27,Sat,1,15.500,L,19,24,-5,0,30904,91.05211986,0,43915,0,0,1,0,0,0,1,0,,,,53.4,28,,,NA,,,0.416666667,-2.45,-0.2,0,,,,,,,,,0,1,0,0,0,1,,0,0,1,2,2,,1,1,10.42
Richmond,2011,NA,-6.1,NA,-2.1,NA,NA,Home,9,3,Sat,1,19.000,L,21,23,-2,0,32741,96.46445302,0,43915,0,0,0,1,1,0,1,0,,,,82.9,59,Durham,NC,NA,ESPN3,0,0.25,-4.59,2.66,0,NA,NA,NA,0,0,0,,0,0,0,1,NA,NA,NA,,0,0,0,1,2,Grass,0,0,133.98
Stanford,2011,24.4,-6.1,30.5,-2.1,24.2,28.2,Home,9,10,Sat,1,15.500,L,14,44,-30,0,24785,73.02377655,0,43915,0,0,0,0,0,0,1,0,,,,84.9,42,Durham,NC,NA,ESPNU,0,0.25,-4.59,2.66,0,NA,6,7,0,1,1,,0,0,0,0,0,0,1,1,0,0,0,0,1,Grass,0,0,2377.63
Boston College,2011,-0.5,-6.1,5.6,-2.1,3.3,7.3,Away,9,17,Sat,1,12.500,W,20,19,1,0,35812,80.47640449,0,43915,0,0,0,0,0,0,1,0,,,,61,44,Chestnut Hill,MA,NA,ESGP,0,0.25,-4.59,2.66,0,NA,NA,NA,0,0,0,,0,0,0,0,0,0,1,,0,0,0,0,0,Turf,0,0,600.94
Tulane,2011,-20.3,-6.1,-14.2,-2.1,-17.3,-13.3,Home,9,24,Sat,1,15.500,W,48,27,21,0,20138,59.33237088,0,43915,0,0,0,0,0,0,1,0,,,,75.9,76,Durham,NC,NA,ESPN3,0,0.25,-4.59,2.66,0,NA,NA,NA,0,0,0,,0,0,0,0,0,0,0,1,1,1,1,1,1,Grass,0,0,769.76
Florida Int'l,2011,-5.1,-6.1,1,-2.1,-6.3,-2.3,Away,10,1,Sat,1,19.000,W,31,27,4,0,22682,113.41,0,43915,0,0,0,0,0,0,1,0,,,,87.1,46,Miami,FL,NA,ESPNU,0,0.25,-4.59,2.66,0,NA,NA,NA,0,0,0,,0,0,0,0,0,0,0,,2,2,2,2,2,Turf,0,0,710.26
Florida St.,2011,15.3,-6.1,21.4,-2.1,17.2,21.2,Home,10,15,Sat,1,15.000,L,16,41,-25,0,24687,72.73504022,0,43915,0,0,0,0,0,0,1,0,,,,73,24,Durham,NC,NA,ESGP,0,0.25,-4.59,2.66,0,NA,NA,23,0,0,1,,0,0,0,0,0,0,0,0,3,2,3,3,3,Grass,0,0,493.91
Wake Forest,2011,-0.2,-6.1,5.9,-2.1,-6,-2,Home,10,22,Sat,1,12.500,L,23,24,-1,0,22258,65.57850387,0,43915,0,0,0,0,0,0,1,0,,,,61,58,Durham,NC,NA,ESGP,0,0.25,-4.59,2.66,0,NA,NA,NA,0,0,0,,0,0,0,0,0,0,1,1,0,1,2,3,3,Grass,1,1,75.75
Virginia Tech,2011,11.8,-6.1,17.9,-2.1,18.4,22.4,Home,10,29,Sat,1,12.500,L,10,14,-4,0,27392,80.70475236,0,43915,0,0,0,0,0,0,1,0,,,,42.1,95,Durham,NC,NA,ESGP,0,0.25,-4.59,2.66,0,NA,12,21,0,1,1,,0,0,0,0,0,0,1,1,0,0,1,2,3,Grass,0,0,119.79
Miami (Fla.),2011,9.3,-6.1,15.4,-2.1,12,16,Away,11,5,Sat,1,15.000,L,14,49,-35,0,62053,95.47790497,0,43915,0,0,0,0,0,0,1,0,,,,78.1,54,Miami Gardens,FL,NA,ESGP,0,0.25,-4.59,2.66,0,NA,NA,NA,0,0,0,,0,0,0,0,0,0,1,,0,0,0,1,2,Grass,0,0,716.28
Virginia,2011,0.2,-6.1,6.3,-2.1,-1.9,2.1,Away,11,12,Sat,1,15.000,L,21,31,-10,0,45733,74.36260163,0,43915,0,0,0,0,0,0,1,0,,,,64,28,Charlottesville,VA,NA,ESGP,0,0.25,-4.59,2.66,0,NA,NA,NA,0,0,0,,0,0,0,0,0,0,1,,0,0,0,0,1,Grass,0,0,142.54
Georgia Tech,2011,5,-6.1,11.1,-2.1,5.3,9.3,Home,11,19,Sat,1,12.500,L,31,38,-7,0,18747,55.23408267,0,43915,0,0,0,0,0,0,1,0,,,,55,38,Durham,NC,NA,NA,0,0.25,-4.59,2.66,0,NA,NA,NA,0,0,0,,0,0,0,0,0,0,1,1,0,0,0,0,0,Grass,0,0,347.61
North Carolina,2011,6.1,-6.1,12.2,-2.1,10.4,14.4,Away,11,26,Sat,1,15.500,L,21,37,-16,0,58500,114.7058824,0,43915,0,0,1,0,0,0,1,0,,,,70,42,Chapel Hill,NC,NA,ESGP/ESPN3,0,0.25,-4.59,2.66,0,NA,NA,NA,0,0,0,,1,0,1,0,0,0,1,,0,0,0,0,0,Grass,1,1,10.42
Florida Int'l,2012,-8,-1.7,-6.3,4.4,-5.1,1,Home,9,1,Sat,1,19.000,W,46,26,20,0,31117,91.67967944,0,43915,0,0,0,1,1,0,1,0,,,,87.1,55,Durham,NC,NA,ESPN3,0,0.25,-7.34,0.24,0,NA,NA,NA,0,0,0,,0,0,0,1,NA,NA,NA,,0,0,0,0,0,Grass,0,0,710.26
Stanford,2012,18.5,-1.7,20.2,4.4,24.4,30.5,Away,9,8,Sat,1,22.500,L,13,50,-37,0,44016,87,0,43915,0,0,0,0,0,0,1,0,,,,64,65,Stanford,CA,NA,PAC12,0,0.25,-7.34,0.24,0,NA,25,7,0,1,1,,0,0,0,0,1,1,0,,1,1,1,1,1,Grass,0,0,2377.63
N.C. Central,2012,NA,-1.7,NA,4.4,NA,NA,Home,9,15,Sat,1,19.000,W,54,17,37,0,22829,67.26083498,0,43915,0,0,0,0,0,0,1,0,,,,73.9,66,Durham,NC,NA,ESPN3,0,0.25,-7.34,0.24,0,NA,NA,NA,0,0,0,,0,0,0,0,0,1,1,0,0,1,1,1,1,Grass,1,0,5.65
Memphis,2012,-13.2,-1.7,-11.5,4.4,-24.6,-18.5,Home,9,22,Sat,1,18.000,W,38,14,24,0,23658,69.70330868,0,43915,0,0,0,0,0,0,1,0,,,,82.9,55,Durham,NC,NA,ESPN3,0,0.25,-7.34,0.24,0,NA,NA,NA,0,0,0,,0,0,0,0,0,1,0,0,1,1,2,2,2,Grass,0,0,629.01
Wake Forest,2012,-7.6,-1.7,-5.9,4.4,-0.2,5.9,Away,9,29,Sat,1,12.500,W,34,27,7,0,28743,91,0,43915,0,0,0,0,0,0,1,0,,,,66,93,Winston-Salem,NC,NA,ESGP/ESPN3,0,0.25,-7.34,0.24,0,NA,NA,NA,0,0,0,,0,0,0,0,0,1,0,,2,2,2,3,3,Turf,1,1,75.75
Virginia,2012,-2,-1.7,-0.3,4.4,0.2,6.3,Home,10,6,Sat,1,15.000,W,42,17,25,0,26856,79.12554138,0,43915,0,0,0,0,0,0,1,0,,,,82.9,48,Durham,NC,NA,ESGP/ESPN3,0,0.25,-7.34,0.24,0,NA,NA,NA,0,0,0,,0,0,0,0,0,1,0,0,3,2,3,3,4,Grass,0,0,142.54
Virginia Tech,2012,6.5,-1.7,8.2,4.4,11.8,17.9,Away,10,13,Sat,1,12.500,L,20,41,-21,0,65632,100,0,43915,0,0,0,0,0,0,1,0,,,,53.6,58,Blacksburg,VA,NA,ESGP/ESPN3,0,0.25,-7.34,0.24,0,NA,NA,NA,0,0,0,,1,0,0,0,0,1,0,,4,2,3,4,4,Grass,0,0,119.79
North Carolina,2012,10.6,-1.7,12.3,4.4,6.1,12.2,Home,10,20,Sat,1,19.000,W,33,30,3,0,33941,100,0,43915,0,0,1,0,0,0,1,0,,,,60.1,60,Durham,NC,NA,ESPNU,0,0.25,-7.34,0.24,0,NA,NA,NA,0,0,0,,0,0,0,0,0,1,1,0,0,1,2,3,4,Grass,1,1,10.42
Florida St.,2012,22.7,-1.7,24.4,4.4,15.3,21.4,Away,10,27,Sat,1,15.500,L,7,48,-41,0,71467,90,0,43915,0,0,0,0,0,0,1,0,,,,79,47,Tallahassee,FL,NA,ESPNU,0,0.25,-7.34,0.24,0,NA,12,10,0,1,1,,0,0,0,0,0,1,0,,1,1,2,3,4,Grass,0,0,493.91
Clemson,2012,17.2,-1.7,18.9,4.4,8.3,14.4,Home,11,3,Sat,1,19.000,L,20,56,-36,0,31894,93.96894611,0,43915,0,0,0,0,0,0,1,0,,,,48,61,Durham,NC,NA,ESPN2,0,0.25,-7.34,0.24,0,NA,13,11,0,1,1,,0,0,0,0,0,1,1,0,0,1,1,2,3,Grass,0,0,239.73
Georgia Tech,2012,7.4,-1.7,9.1,4.4,5,11.1,Away,11,17,Sat,1,15.500,L,24,42,-18,0,41904,76,0,43915,0,0,0,0,0,0,1,0,,,,57.9,36,Atlanta,GA,NA,ESPNU,0,0.25,-7.34,0.24,0,NA,NA,NA,0,0,0,,0,0,0,0,0,0,1,,0,0,1,1,2,Grass,0,0,347.61
Miami (Fla.),2012,7,-1.7,8.7,4.4,9.3,15.4,Home,11,24,Sat,1,12.500,L,45,52,-7,0,26895,79.24044666,0,43915,0,0,0,0,0,0,1,0,,,,46.9,34,Durham,NC,NA,ACCN/ESGP/ESPN3,0,0.25,-7.34,0.24,0,NA,NA,NA,0,0,0,,1,0,1,0,0,0,1,1,0,0,0,1,1,Grass,0,0,716.28
Cincinnati,2012,8.9,-1.7,10.6,4.4,9.3,15.4,Neutral,12,27,Thu,0,18.500,L,34,48,-14,0,48128,NA,0,43915,0,0,0,0,0,0,1,0,,,,,,NA,NA,NA,ESPN,1,0.25,-7.34,0.24,0,NA,NA,NA,0,0,0,,1,0,0,0,0,0,1,,0,0,0,0,1,Grass,0,0,376.00
N.C. Central,2013,NA,6.5,NA,8.2,NA,NA,Home,8,31,Sat,1,16.000,W,45,0,45,0,22521,66.35337792,0,43915,0,0,0,1,1,0,1,0,,,,88,52,Durham,NC,NA,ESPN3,0,0.5,-0.28,1.72,1,NA,NA,NA,0,0,0,,0,0,0,1,NA,NA,NA,,0,0,0,0,0,Grass,1,0,5.65
Memphis,2013,-6.8,6.5,-13.3,8.2,-13.2,-11.5,Away,9,7,Sat,1,16.500,W,28,14,14,0,44237,76,0,43915,0,0,0,0,0,0,1,0,,,,94.1,33,Memphis,TN,NA,ESPN3,0,0.5,-0.28,1.72,1,NA,NA,NA,0,0,0,,0,0,0,0,1,1,0,,1,1,1,1,1,Turf,0,0,629.01
Georgia Tech,2013,12.4,6.5,5.9,8.2,7.4,9.1,Home,9,14,Sat,1,15.500,L,14,38,-24,0,21267,62.65873133,0,43915,0,0,0,0,0,0,1,0,,,,73.9,41,Durham,NC,NA,ESPNU,0,0.5,-0.28,1.72,1,NA,NA,NA,0,0,0,,0,0,0,0,1,1,0,0,2,2,2,2,2,Grass,0,0,347.61
Pittsburgh,2013,5.3,6.5,-1.2,8.2,5.4,7.1,Home,9,21,Sat,1,12.500,L,55,58,-3,0,22714,66.92201173,0,43915,0,0,0,0,0,0,1,0,,,,72,82,Durham,NC,NA,ESGP/ESPN3,0,0.5,-0.28,1.72,1,NA,NA,NA,0,0,0,,0,0,0,0,0,0,1,1,0,1,2,2,2,Grass,0,0,312.94
Troy,2013,-10,6.5,-16.5,8.2,-5.4,-3.7,Home,9,28,Sat,1,15.000,W,38,31,7,0,30126,88.7599069,0,43915,0,0,0,0,0,0,1,0,,,,72,51,Durham,NC,NA,ESPN3,0,0.5,-0.28,1.72,1,NA,NA,NA,0,0,0,,0,0,0,0,0,0,1,1,0,0,1,2,2,Grass,0,0,497.83
Navy,2013,3.6,6.5,-2.9,8.2,-5,-3.3,Home,10,12,Sat,1,12.500,W,35,7,28,0,23749,69.971421,0,43915,0,0,0,0,0,0,1,0,,,,64.9,90,Durham,NC,NA,ESGP/ESPN3,0,0.5,-0.28,1.72,1,NA,NA,NA,0,0,0,,1,0,0,0,0,0,0,0,1,1,1,2,3,Grass,0,0,244.78
Virginia,2013,-6.1,6.5,-12.6,8.2,-2,-0.3,Away,10,19,Sat,1,15.500,W,35,22,13,0,39071,64,0,43915,0,0,0,0,0,0,1,0,,,,61,70,Charlottesville,VA,NA,ESGP/ESPN3,0,0.5,-0.28,1.72,1,NA,NA,NA,0,0,0,,0,0,0,0,0,0,0,,2,2,2,2,3,Grass,0,0,142.54
Virginia Tech,2013,8.8,6.5,2.3,8.2,6.5,8.2,Away,10,26,Sat,1,15.500,W,13,10,3,0,63326,96,0,43915,0,0,0,0,0,0,1,0,,,,53.6,41,Blacksburg,VA,NA,ESPNU,0,0.5,-0.28,1.72,1,NA,14,NA,0,1,0,,0,0,0,0,0,0,0,,3,2,3,3,3,Grass,0,0,119.79
North Carolina St.,2013,-5.5,6.5,-12,8.2,3.5,5.2,Home,11,9,Sat,1,16.000,W,38,20,18,0,32010,94.31071565,0,43915,0,0,0,0,0,0,1,0,,,,55,38,Durham,NC,NA,ESPNU,0,0.5,-0.28,1.72,1,NA,NA,NA,0,0,0,,0,0,0,0,0,0,0,0,4,2,3,4,4,Grass,1,1,21.14
Miami (Fla.),2013,10.8,6.5,4.3,8.2,7,8.7,Home,11,16,Sat,1,15.500,W,48,30,18,0,30044,88.51831119,0,43915,0,0,0,0,0,0,1,0,,,,64.9,68,Durham,NC,NA,ESPNU,0,0.5,-0.28,1.72,1,NA,23,NA,0,1,0,,0,0,0,0,0,0,0,0,5,2,3,4,5,Grass,0,0,716.28
Wake Forest,2013,-3.5,6.5,-10,8.2,-7.6,-5.9,Away,11,23,Sat,1,12.000,W,28,21,7,0,28463,90,0,43915,0,0,0,0,0,0,1,0,,,,55.9,57,Winston-Salem,NC,NA,ESPN2,0,0.5,-0.28,1.72,1,NA,NA,NA,0,0,0,,0,0,0,0,0,0,0,,6,2,3,4,5,Turf,1,1,75.75
North Carolina,2013,11.2,6.5,4.7,8.2,10.6,12.3,Away,11,30,Sat,1,12.000,W,27,25,2,0,62000,100,0,43915,0,0,1,0,0,0,1,0,,,,44.1,53,Chapel Hill,NC,NA,ESPN2,0,0.5,-0.28,1.72,1,24,NA,NA,1,0,0,,1,0,1,0,0,0,0,,7,2,3,4,5,Grass,1,1,10.42
Florida St.,2013,33.2,6.5,26.7,8.2,22.7,24.4,Neutral,12,7,Sat,1,20.000,L,7,45,-38,0,67694,NA,0,43915,0,0,0,0,0,0,1,0,,,,,,Charlotte,NC,NA,ABC,0,0.5,-0.28,1.72,1,20,1,1,1,1,1,,1,0,0,0,0,0,0,,8,2,3,4,5,Grass,0,0,493.91
Texas A&M,2013,18.8,6.5,12.3,8.2,24.2,25.9,Neutral,12,31,Tue,0,20.000,L,48,52,-4,0,67946,95,0,43915,0,0,0,0,0,0,1,0,,,,,,Atlanta,GA,NA,ESPN,1,0.5,-0.28,1.72,1,24,21,18,1,1,1,,1,0,0,0,0,0,1,,0,1,2,3,4,Turf,0,0,1070.65
Elon,2014,NA,7.7,NA,1.2,NA,NA,Home,8,30,Sat,1,18.000,W,52,13,39,0,31213,91.9625232,0,43915,0,0,0,1,1,0,1,0,,,,87.1,57,Durham,NC,NA,ESPN3,0,0.833333333,7.86,2.36,1,NA,NA,NA,0,0,0,,0,0,0,1,NA,NA,NA,,0,0,1,2,3,Grass,1,0,34.79
Troy,2014,-19.4,7.7,-27.1,1.2,-10,-16.5,Away,9,6,Sat,1,19.000,W,34,17,17,0,21331,71,0,43915,0,0,0,0,0,0,1,0,,,,82.9,79,Troy,AL,NA,ESPN3,0,0.833333333,7.86,2.36,1,NA,NA,NA,0,0,0,,0,0,0,0,1,1,0,,1,1,1,2,3,Turf,0,0,497.83
Kansas,2014,-6.5,7.7,-14.2,1.2,-10.1,-16.6,Home,9,13,Sat,1,15.500,W,41,3,38,0,25203,74.25532542,0,43915,0,0,0,0,0,0,1,0,,,,79,79,Durham,NC,NA,ESGP/ESPN3,0,0.833333333,7.86,2.36,1,NA,NA,NA,0,0,0,,0,0,0,0,1,1,0,0,2,2,2,2,3,Grass,0,0,917.66
Tulane,2014,-9.7,7.7,-17.4,1.2,-6.5,-13,Home,9,20,Sat,1,12.500,W,47,13,34,0,20197,59.50620194,0,43915,0,0,0,0,0,0,1,0,,,,75,57,Durham,NC,NA,ESGP/ESPN3,0,0.833333333,7.86,2.36,1,NA,NA,NA,0,0,0,,0,0,0,0,1,1,0,0,3,2,3,3,3,Grass,0,0,769.76
Miami (Fla.),2014,10.8,7.7,3.1,1.2,10.8,4.3,Away,9,27,Sat,1,19.500,L,10,22,-12,0,44559,69,0,43915,0,0,0,0,0,0,1,0,,,,84,72,Miami Gardens,FL,NA,ESPN2,0,0.833333333,7.86,2.36,1,NA,NA,NA,0,0,0,,0,0,0,0,1,1,0,,4,2,3,4,4,Grass,0,0,716.28
Georgia Tech,2014,16,7.7,8.3,1.2,12.4,5.9,Away,10,11,Sat,1,12.500,W,31,25,6,0,44281,81,0,43915,0,0,0,0,0,0,1,0,,,,78.1,69,Atlanta,GA,NA,ESGP/ESPN3,0,0.833333333,7.86,2.36,1,NA,22,8,0,1,1,,1,0,0,0,0,1,1,,0,1,2,3,4,Grass,0,0,347.61
Virginia,2014,6.9,7.7,-0.8,1.2,-6.1,-12.6,Home,10,18,Sat,1,12.500,W,20,13,7,0,28131,82.88206005,0,43915,0,0,0,0,0,0,1,0,,,,73,46,Durham,NC,NA,ESGP/ESPN3,0,0.833333333,7.86,2.36,1,NA,NA,NA,0,0,0,,0,0,0,0,0,1,0,0,1,1,2,3,4,Grass,0,0,142.54
Pittsburgh,2014,7.2,7.7,-0.5,1.2,5.3,-1.2,Away,11,1,Sat,1,12.000,W,51,48,3,0,39293,57,0,43915,0,0,0,0,0,0,1,0,,,,43,79,Pittsburgh,PA,NA,ESPNU,0,0.833333333,7.86,2.36,1,24,NA,NA,1,0,0,,0,0,0,0,0,1,0,,2,2,2,3,4,Grass,0,0,312.94
Syracuse,2014,-0.8,7.7,-8.5,1.2,-0.5,-7,Away,11,8,Sat,1,12.500,W,27,10,17,0,39331,80,0,43915,0,0,0,0,0,0,1,0,,,,43.5,58,Syracuse,NY,NA,ESGP/ESPN3,0,0.833333333,7.86,2.36,1,22,NA,NA,1,0,0,,0,0,0,0,0,1,0,,3,2,3,3,4,Turf,0,0,508.89
Virginia Tech,2014,7.9,7.7,0.2,1.2,8.8,2.3,Home,11,15,Sat,1,12.000,L,16,17,-1,0,30107,88.7039274,0,43915,0,0,0,0,0,0,1,0,,,,41,33,Durham,NC,NA,ESPNU,0,0.833333333,7.86,2.36,1,21,NA,NA,1,0,0,,0,0,0,0,0,1,0,0,4,2,3,4,4,Grass,0,0,119.79
North Carolina,2014,4.4,7.7,-3.3,1.2,11.2,4.7,Home,11,20,Thu,0,19.500,L,20,45,-25,0,33941,100,0,43915,0,0,1,0,0,0,1,0,,,,46,47,Durham,NC,NA,ESPN,0,0.833333333,7.86,2.36,1,NA,NA,NA,0,0,0,,0,0,0,0,0,0,1,1,0,1,2,3,4,Grass,1,1,10.42
Wake Forest,2014,-10.4,7.7,-18.1,1.2,-3.5,-10,Home,11,29,Sat,1,19.000,W,41,21,20,0,22247,65.54609469,0,43915,0,0,0,0,0,0,1,0,,,,44.1,53,Durham,NC,NA,ESPNU,0,0.833333333,7.86,2.36,1,NA,NA,NA,0,0,0,,1,0,1,0,0,0,1,1,0,0,1,2,3,Grass,1,1,75.75
Arizona St.,2014,14.2,7.7,6.5,1.2,21.9,15.4,Neutral,12,27,Sat,1,14.000,L,31,36,-5,0,47809,100,0,43915,0,0,0,0,0,0,1,0,,,,,,El Paso,TX,NA,CBS,1,0.833333333,7.86,2.36,1,NA,15,12,0,1,1,,1,0,0,0,0,0,0,,1,1,1,2,3,Turf,0,0,1874.58
Tulane,2015,-16,5.1,-21.1,-2.6,-9.7,-17.4,Away,9,3,Thu,0,21.500,W,37,7,30,0,25470,85,0,43915,0,0,0,1,0,0,1,0,,,,81,79,New Orleans,LA,NA,CBSSN,0,0.75,6.64,-0.82,1,NA,NA,NA,0,0,0,,0,0,0,1,NA,NA,NA,,0,1,1,1,2,Turf,0,0,769.76
N.C. Central,2015,NA,5.1,NA,-2.6,NA,NA,Home,9,12,Sat,1,18.000,W,55,0,55,0,33941,100,0,43915,0,0,0,0,1,0,1,0,,,,75.9,76,Durham,NC,NA,ESPN3,0,0.75,6.64,-0.82,1,NA,NA,NA,0,0,0,,0,0,0,0,1,NA,0,,1,1,2,2,2,Grass,1,0,5.65
Northwestern,2015,4.8,5.1,-0.3,-2.6,1.8,-5.9,Home,9,19,Sat,1,12.500,L,10,19,-9,0,24127,71.08511829,0,43915,0,0,0,0,0,0,1,0,,,,82,56,Durham,NC,NA,ESPN3,0,0.75,6.64,-0.82,1,NA,23,23,0,1,1,,0,0,0,0,1,1,0,0,2,2,2,3,3,Grass,0,0,629.97
Georgia Tech,2015,10.2,5.1,5.1,-2.6,16,8.3,Home,9,26,Sat,1,12.000,W,34,20,14,0,20101,59.22335818,0,43915,0,0,0,0,0,0,1,0,,,,66,96,Durham,NC,NA,ESPN2,0,0.75,6.64,-0.82,1,NA,20,NA,0,1,0,,0,0,0,0,0,0,1,1,0,1,2,2,3,Grass,0,0,347.61
Boston College,2015,1.5,5.1,-3.6,-2.6,6,-1.7,Home,10,3,Sat,1,15.500,W,9,7,2,0,20009,58.95229958,0,43915,0,0,0,0,0,0,1,0,,,,61,93,Durham,NC,NA,ESPN3,0,0.75,6.64,-0.82,1,NA,NA,NA,0,0,0,,0,0,0,0,0,0,0,0,1,1,2,3,3,Grass,0,0,600.94
Army,2015,-14.9,5.1,-20,-2.6,-14.1,-21.8,Away,10,10,Sat,1,12.000,W,44,3,41,0,39712,100,0,43915,0,0,0,0,0,0,1,0,,,,59,55,West Point,NY,NA,CBSSN,0,0.75,6.64,-0.82,1,NA,NA,NA,0,0,0,,1,0,0,0,0,0,0,,2,2,2,3,4,Turf,0,0,458.21
Virginia Tech,2015,9.5,5.1,4.4,-2.6,7.9,0.2,Away,10,24,Sat,1,15.500,W,45,43,2,0,63257,96,0,43915,0,0,0,0,0,0,1,0,,,,62.6,68,Blacksburg,VA,NA,ESPNU,0,0.75,6.64,-0.82,1,23,NA,NA,1,0,0,,0,0,0,0,0,0,0,,3,2,3,3,4,Grass,0,0,119.79
Miami (Fla.),2015,6.4,5.1,1.3,-2.6,10.8,3.1,Home,10,31,Sat,1,19.000,L,27,30,-3,0,30143,88.80999381,0,43915,0,0,0,0,0,0,1,0,,,,55.9,80,Durham,NC,NA,ESPNU,0,0.75,6.64,-0.82,1,22,NA,NA,1,0,0,,0,0,0,0,0,0,0,0,4,2,3,4,4,Grass,0,0,716.28
North Carolina,2015,17,5.1,11.9,-2.6,4.4,-3.3,Away,11,7,Sat,1,12.000,L,31,66,-35,0,60000,100,0,43915,0,0,1,0,0,0,1,0,,,,71.1,87,Chapel Hill,NC,NA,ESPN2,0,0.75,6.64,-0.82,1,NA,NA,15,0,0,1,,0,0,0,0,0,0,1,,0,1,2,3,4,Grass,1,1,10.42
Pittsburgh,2015,8.4,5.1,3.3,-2.6,7.2,-0.5,Home,11,14,Sat,1,12.000,L,13,31,-18,0,30241,89.09873015,0,43915,0,0,0,0,0,0,1,0,,,,55,29,Durham,NC,NA,ESPNN,0,0.75,6.64,-0.82,1,NA,NA,NA,0,0,0,,0,0,0,0,0,0,1,1,0,0,1,2,3,Grass,0,0,312.94
Virginia,2015,2.1,5.1,-3,-2.6,6.9,-0.8,Away,11,21,Sat,1,15.500,L,34,42,-8,0,35178,57,0,43915,0,0,0,0,0,0,1,0,,,,53.1,27,Charlottesville,VA,NA,ESPN3,0,0.75,6.64,-0.82,1,NA,NA,NA,0,0,0,,0,0,0,0,0,0,1,,0,0,0,1,2,Grass,0,0,142.54
Wake Forest,2015,-3.4,5.1,-8.5,-2.6,-10.4,-18.1,Away,11,28,Sat,1,12.500,W,27,21,6,0,26435,84,0,43915,0,0,0,0,0,0,1,0,,,,66.9,52,Winston-Salem,NC,NA,ESPN3,0,0.75,6.64,-0.82,1,NA,NA,NA,0,0,0,,1,0,1,0,0,0,1,,0,0,0,0,1,Turf,1,1,75.75
Indiana,2015,1.7,5.1,-3.4,-2.6,-0.8,-8.5,Neutral,12,26,Sat,1,15.500,W,44,41,3,0,37218,69,0,43915,0,0,0,0,0,0,1,0,,,,,,Bronx,NY,NA,ABC,1,0.75,6.64,-0.82,1,NA,NA,NA,0,0,0,,1,0,0,0,0,0,0,,1,1,1,1,1,Grass,0,0,471.43
N.C. Central,2016,NA,1.6,NA,-3.5,NA,NA,Home,9,3,Sat,1,18.000,W,49,6,43,0,35049,87.61373863,1,40004,0,0,0,1,1,0,1,0,,,,72,73,Durham,NC,0.988,ACCNX,0,0.583333333,2.94,-0.75,1,NA,NA,NA,0,0,0,,0,0,0,1,NA,NA,NA,,2,2,2,2,2,Grass,1,0,5.65
Wake Forest,2016,2.2,1.6,0.6,-3.5,-3.4,-8.5,Home,9,10,Sat,1,15.500,L,14,24,-10,0,21077,52.68723128,1,40004,0,0,0,0,0,0,1,0,,,,91.9,52,Durham,NC,0.734,ESPNU,0,0.583333333,2.94,-0.75,1,NA,NA,NA,0,0,0,,0,0,0,0,1,1,0,0,3,2,3,3,3,Grass,1,1,75.75
Northwestern,2016,8,1.6,6.4,-3.5,4.8,-0.3,Away,9,17,Sat,1,20.000,L,13,24,-11,0,34464,73,1,40004,0,0,0,0,0,0,1,0,,,,75.9,45,Evanston,IL,0.357,BTN,0,0.583333333,2.94,-0.75,1,NA,NA,NA,0,0,0,,0,0,0,0,0,0,1,,0,1,2,3,3,Grass,0,0,629.97
Notre Dame,2016,9.7,1.6,8.1,-3.5,19.1,14,Away,9,24,Sat,1,15.500,W,38,35,3,0,80795,100,1,40004,0,0,0,0,0,0,1,0,,,,72,71,Notre Dame,IL,0.104,NBC,0,0.583333333,2.94,-0.75,1,NA,NA,NA,0,0,0,,0,0,0,0,0,0,1,,0,0,1,2,3,Grass,0,0,557.63
Virginia,2016,-4.2,1.6,-5.8,-3.5,2.1,-3,Home,10,1,Sat,1,12.500,L,20,34,-14,0,25201,62.99620038,1,40004,0,0,0,0,0,0,1,0,,,,78.1,60,Durham,NC,0.714,ACCNX,0,0.583333333,2.94,-0.75,1,NA,NA,NA,0,0,0,,0,0,0,0,0,0,0,1,1,1,1,2,3,Grass,0,0,142.54
Army,2016,-2,1.6,-3.6,-3.5,-14.9,-20,Home,10,8,Sat,1,15.500,W,13,6,7,0,20613,51.52734727,1,40004,0,0,0,0,0,0,1,0,Heavy Rain,1,6,66.9,93,Durham,NC,NA,ACCNX,0,0.583333333,2.94,-0.75,1,NA,NA,NA,0,0,0,,1,0,0,0,0,0,1,1,0,1,1,1,2,Grass,0,0,458.21
Louisville,2016,21.6,1.6,20,-3.5,10.3,5.2,Away,10,14,Fri,0,19.000,L,14,24,-10,0,55121,92,1,40004,0,0,0,0,0,0,1,0,,,,66,61,Louisville,KY,0.022,ESPN,0,0.583333333,2.94,-0.75,1,NA,7,15,0,1,1,,0,0,0,0,0,0,0,,1,1,2,2,2,Turf,0,0,408.82
Georgia Tech,2016,7.4,1.6,5.8,-3.5,10.2,5.1,Away,10,29,Sat,1,12.000,L,35,38,-3,0,43886,80,1,40004,0,0,0,0,0,0,1,0,,,,75.9,47,Atlanta,GA,0.315,ACCNX,0,0.583333333,2.94,-0.75,1,NA,NA,NA,0,0,0,,0,0,0,0,0,0,1,,0,1,1,2,2,Grass,0,0,347.61
Virginia Tech,2016,13.7,1.6,12.1,-3.5,9.5,4.4,Home,11,5,Sat,1,15.500,L,21,24,-3,0,38217,95.53294671,1,40004,0,0,0,0,0,0,1,0,,,,64,37,Durham,NC,0.27,ESPNU,0,0.583333333,2.94,-0.75,1,NA,19,18,0,1,1,,0,0,0,0,0,0,1,0,0,0,1,1,2,Grass,0,0,119.79
North Carolina,2016,14,1.6,12.4,-3.5,17,11.9,Home,11,10,Thu,0,19.500,W,28,27,1,0,39212,98.02019798,1,40004,0,0,1,0,0,0,1,0,,,,51.1,56,Durham,NC,0.229,ESPN,0,0.583333333,2.94,-0.75,1,NA,17,NA,0,1,0,,0,0,0,0,0,0,1,1,0,0,0,1,1,Grass,1,1,10.42
Pittsburgh,2016,12.7,1.6,11.1,-3.5,8.4,3.3,Away,11,19,Sat,1,15.000,L,14,56,-42,0,35425,52,1,40004,0,0,0,0,0,0,1,0,,,,39,64,Pittsburgh,PA,0.167,ACCNX,0,0.583333333,2.94,-0.75,1,NA,NA,22,0,0,1,,0,0,0,0,0,0,0,,1,1,1,1,2,Grass,0,0,312.94
Miami (Fla.),2016,17.2,1.6,15.6,-3.5,6.4,1.3,Away,11,26,Sat,1,15.500,L,21,40,-19,0,57396,88,1,40004,0,0,0,0,0,0,1,0,,,,82.9,41,Miami Gardens,FL,0.103,ESPN2,0,0.583333333,2.94,-0.75,1,NA,NA,NA,0,0,0,,1,0,1,0,0,0,1,,0,1,1,1,1,Grass,0,0,716.28
N.C. Central,2017,NA,6.6,NA,5,NA,NA,Home,9,2,Sat,1,18.000,W,60,7,53,0,30477,76.18488151,1,40004,0,0,0,1,1,0,1,0,,,,80.1,71,Durham,NC,0.988,ACCNX,0,0.333333333,-1.36,3.39,0,NA,NA,NA,0,0,0,,0,0,0,1,NA,NA,NA,,0,0,1,1,1,Grass,1,0,5.65
Northwestern,2017,9.9,6.6,3.3,5,8,6.4,Home,9,9,Sat,1,12.000,W,41,17,24,0,20241,50.59744026,1,40004,0,0,0,0,0,0,1,0,,,,72,55,Durham,NC,0.551,ESPNU,0,0.333333333,-1.36,3.39,0,NA,NA,17,0,0,1,,0,0,0,0,1,1,0,0,1,1,1,2,2,Grass,0,0,629.97
Baylor,2017,-4.3,6.6,-10.9,5,8.9,7.3,Home,9,16,Sat,1,12.500,W,34,20,14,0,26714,66.77832217,1,40004,0,0,0,0,0,0,1,0,,,,82,58,Durham,NC,0.742,ACCNX,0,0.333333333,-1.36,3.39,0,NA,NA,NA,0,0,0,,0,0,0,0,1,1,0,0,2,2,2,2,3,Grass,0,0,1090.22
North Carolina,2017,0.9,6.6,-5.7,5,14,12.4,Away,9,23,Sat,1,15.500,W,27,17,10,0,59000,100,1,40004,0,0,1,0,0,0,1,0,,,,86,35,Chapel Hill,NC,0.515,ESPNU,0,0.333333333,-1.36,3.39,0,NA,NA,NA,0,0,0,,0,0,0,0,1,1,0,,3,2,3,3,3,Grass,1,1,10.42
Miami (Fla.),2017,13.5,6.6,6.9,5,17.2,15.6,Home,9,29,Fri,0,19.000,L,6,31,-25,0,36314,90.77592241,1,40004,0,0,0,0,0,0,1,0,,,,69.1,65,Durham,NC,0.567,ESPN,0,0.333333333,-1.36,3.39,0,NA,14,13,0,1,1,,0,0,0,0,1,1,0,0,4,2,3,4,4,Grass,0,0,716.28
Virginia,2017,-3.3,6.6,-9.9,5,-4.2,-5.8,Away,10,7,Sat,1,12.330,L,21,28,-7,0,38638,63,1,40004,0,0,0,0,0,0,1,0,,,,81,53,Charlottesville,VA,0.684,ACCNX,0,0.333333333,-1.36,3.39,0,NA,NA,NA,0,0,0,,1,0,0,0,0,0,1,,0,1,2,3,4,Grass,0,0,142.54
Florida St.,2017,13.3,6.6,6.7,5,22.2,20.6,Home,10,14,Sat,1,12.000,L,10,17,-7,0,31073,77.67473253,1,40004,0,0,0,0,0,0,1,0,,,,64,87,Durham,NC,0.278,ESPN2,0,0.333333333,-1.36,3.39,0,NA,NA,NA,0,0,0,,0,0,0,0,0,0,1,1,0,0,1,2,3,Grass,0,0,493.91
Pittsburgh,2017,1.8,6.6,-4.8,5,12.7,11.1,Home,10,21,Sat,1,12.330,L,17,24,-7,0,22621,56.54684532,1,40004,0,0,0,0,0,0,1,0,,,,73,50,Durham,NC,0.758,ACCNX,0,0.333333333,-1.36,3.39,0,NA,NA,NA,0,0,0,,0,0,0,0,0,0,1,1,0,0,0,1,2,Grass,0,0,312.94
Virginia Tech,2017,13.4,6.6,6.8,5,13.7,12.1,Away,10,28,Sat,1,19.330,L,3,24,-21,0,60914,93,1,40004,0,0,0,0,0,0,1,0,,,,58.6,82,Blacksburg,VA,0.124,ACCNX,0,0.333333333,-1.36,3.39,0,NA,13,24,0,1,1,,0,0,0,0,0,0,1,,0,0,0,0,1,Grass,0,0,119.79
Army,2017,0.7,6.6,-5.9,5,-2,-3.6,Away,11,11,Sat,1,12.000,L,16,21,-5,0,38851,100,1,40004,0,0,0,0,0,0,1,0,,,,30.9,39,West Point,NY,0.603,CBSSN,0,0.333333333,-1.36,3.39,0,NA,NA,NA,0,0,0,,0,0,0,0,0,0,1,,0,0,0,0,0,Turf,0,0,458.21
Georgia Tech,2017,7.6,6.6,1,5,7.4,5.8,Home,11,18,Sat,1,15.500,W,43,20,23,0,20141,50.34746525,1,40004,0,0,0,0,0,0,1,0,,,,66,56,Durham,NC,0.33,ACCNX,0,0.333333333,-1.36,3.39,0,NA,NA,NA,0,0,0,,0,0,0,0,0,0,1,1,0,0,0,0,0,Grass,0,0,347.61
Wake Forest,2017,8.9,6.6,2.3,5,2.2,0.6,Away,11,25,Sat,1,12.500,W,31,23,8,0,27016,86,1,40004,0,0,0,0,0,0,1,0,,,,59,49,Winston-Salem,NC,0.237,ACCNX,0,0.333333333,-1.36,3.39,0,NA,NA,NA,0,0,0,,1,0,1,0,0,0,0,,1,1,1,1,1,Turf,1,1,75.75
Northern Ill.,2017,-3.3,6.6,-9.9,5,-3.4,-5,Neutral,12,26,Tue,0,17.250,W,36,14,22,0,20211,31,1,40004,0,0,0,0,0,0,1,0,,,,,,Detroit,MI,0.676,ESPN,1,0.333333333,-1.36,3.39,0,NA,NA,NA,0,0,0,,1,0,0,0,0,0,0,,2,2,2,2,2,Turf,0,0,668.81
Army,2018,3.1,6.4,-3.3,-0.2,0.7,-5.9,Home,8,31,Fri,0,19.000,W,34,14,20,0,26017,65.0359964,1,40004,0,0,0,1,1,0,1,0,Rain,1,5,87.4,60.2,Durham,NC,0.939,ESPNU,0,0.5,7.23,3.23,1,NA,NA,19,0,0,1,,0,0,0,1,NA,NA,NA,,3,2,3,3,3,Grass,0,0,458.21
Northwestern,2018,7.7,6.4,1.3,-0.2,9.9,3.3,Away,9,8,Sat,1,12.000,W,21,7,14,0,40654,86,1,40004,0,0,0,0,0,0,1,0,Overcast,0,3,67.6,60.5,Evanston,IL,0.273,ESPNU,0,0.5,7.23,3.23,1,NA,NA,21,0,0,1,,0,0,0,0,1,1,0,,4,2,3,4,4,Grass,0,0,629.97
Baylor,2018,2.5,6.4,-3.9,-0.2,-4.3,-10.9,Away,9,15,Sat,1,15.500,W,40,27,13,0,40442,90,1,40004,0,0,0,0,0,0,1,0,,,,89.8,55.3,Waco,TX,0.594,FS1,0,0.5,7.23,3.23,1,NA,NA,NA,0,0,0,,0,0,0,0,1,1,0,,5,2,3,4,5,Turf,0,0,1090.22
N.C. Central,2018,NA,6.4,NA,-0.2,NA,NA,Home,9,22,Sat,1,15.500,W,55,13,42,0,25132,62.82371763,1,40004,0,0,0,0,0,0,1,0,Fair,0,1,87.8,55.1,Durham,NC,0.997,ACCNX,0,0.5,7.23,3.23,1,NA,NA,NA,0,0,0,,0,0,0,0,1,1,0,0,6,2,3,4,5,Grass,1,0,5.65
Virginia Tech,2018,3.4,6.4,-3,-0.2,13.4,6.8,Home,9,29,Sat,1,19.000,L,14,31,-17,0,32177,80.43445655,1,40004,0,0,0,0,0,0,1,0,Cloudy,0,2,75.2,75.4,Durham,NC,0.684,ESPN2,0,0.5,7.23,3.23,1,22,NA,NA,1,0,0,,0,0,0,0,1,1,0,0,7,2,3,4,5,Grass,0,0,119.79
Georgia Tech,2018,6.9,6.4,0.5,-0.2,7.6,1,Away,10,13,Sat,1,12.330,W,28,14,14,0,41709,76,1,40004,0,0,0,0,0,0,1,0,Fair,0,1,65.5,57.1,Atlanta,GA,0.548,ACCNX,0,0.5,7.23,3.23,1,NA,NA,NA,0,0,0,,0,0,0,0,0,0,1,,0,1,2,3,4,Grass,0,0,347.61
Virginia,2018,6.4,6.4,0,-0.2,-3.3,-9.9,Home,10,20,Sat,1,12.500,L,14,28,-14,0,20277,50.68743126,1,40004,0,0,0,0,0,0,1,0,Light Rain,1,4,62.8,91.2,Durham,NC,0.713,ACCNX,0,0.5,7.23,3.23,1,NA,NA,NA,0,0,0,,0,0,0,0,0,0,0,1,1,1,2,3,4,Grass,0,0,142.54
Pittsburgh,2018,4.8,6.4,-1.6,-0.2,1.8,-4.8,Away,10,27,Sat,1,15.500,L,45,54,-9,0,NA,NA,1,40004,0,0,0,0,0,0,1,0,Light Rain,1,4,46,94.2,Pittsburgh,PA,0.617,ACCNX,0,0.5,7.23,3.23,1,NA,NA,NA,0,0,0,,0,0,0,0,0,0,1,,0,1,1,2,3,Grass,0,0,312.94
Miami (Fla.),2018,11.2,6.4,4.8,-0.2,13.5,6.9,Away,11,3,Sat,1,19.000,W,20,12,8,0,62754,97,1,40004,0,0,0,0,0,0,1,0,Light Rain,1,4,78.4,81.5,Miami Gardens,FL,0.267,ESPN2,0,0.5,7.23,3.23,1,NA,NA,NA,0,0,0,,0,0,0,0,0,0,1,,0,0,1,1,2,Grass,0,0,716.28
North Carolina,2018,-2.6,6.4,-9,-0.2,0.9,-5.7,Home,11,10,Sat,1,12.330,W,42,35,7,0,35493,88.72362764,1,40004,0,0,1,0,0,0,1,0,Fair,0,1,48,40.8,Durham,NC,0.794,ACCNX,0,0.5,7.23,3.23,1,NA,NA,NA,0,0,0,,0,0,0,0,0,0,0,1,1,1,1,2,2,Grass,1,1,10.42
Clemson,2018,32.7,6.4,26.3,-0.2,24.2,17.6,Away,11,17,Sat,1,19.000,L,6,35,-29,0,81313,100,1,40004,0,0,0,0,0,0,1,0,,,,46.8,80.7,Clemson,SC,0.048,ESPN,0,0.5,7.23,3.23,1,NA,2,1,0,1,1,,0,0,0,0,0,0,0,,2,2,2,2,3,Grass,0,0,239.73
Wake Forest,2018,2.7,6.4,-3.7,-0.2,8.9,2.3,Home,11,24,Sat,1,12.500,L,7,59,-52,0,20782,51.94980502,1,40004,0,0,0,0,0,0,1,0,Heavy Rain,1,6,37.9,95.4,Durham,NC,0.732,ACCNX,0,0.5,7.23,3.23,1,NA,NA,NA,0,0,0,,1,0,1,0,0,0,1,0,0,1,2,2,2,Grass,1,1,75.75
Temple,2018,1.1,6.4,-5.3,-0.2,-3.9,-10.5,Neutral,12,27,Thu,0,13.500,W,56,27,29,0,27492,53,1,40004,0,0,0,0,0,0,1,0,,,,,,Shreveport,LA,0.54,ESPN,1,0.5,7.23,3.23,1,NA,NA,NA,0,0,0,,1,0,0,0,0,0,1,,0,0,1,2,2,Turf,0,0,340.77
Alabama,2019,29.4,-0.3,29.7,-6.7,30.1,23.7,Neutral,8,31,Sat,1,15.500,L,3,42,-39,0,71916,96,1,40004,0,0,0,1,0,0,1,0,Fair,0,1,88.3,43.3,Atlanta,GA,0.035,ABC,0,0.583333333,6.37,3.6,1,NA,2,8,0,1,1,,0,0,0,1,NA,NA,NA,,1,1,1,2,3,Turf,0,0,529.05
N.C. A&T,2019,NA,-0.3,NA,-6.7,NA,NA,Home,9,7,Sat,1,18.000,W,45,13,32,0,38313,95.77292271,1,40004,0,0,0,0,1,0,1,0,Fair,0,1,87.1,39.8,Durham,NC,0.937,ACCNX,0,0.583333333,6.37,3.6,1,NA,NA,NA,0,0,0,,0,0,0,0,0,NA,1,,0,1,1,1,2,Grass,1,0,50.21
Middle Tenn. St.,2019,-8.7,-0.3,-8.4,-6.7,-3.7,-10.1,Away,9,14,Sat,1,19.000,W,41,18,23,0,19582,64,1,40004,0,0,0,0,0,0,1,0,Fair,0,1,90,45.7,Murfreesboro,TN,0.604,Unknown,0,0.583333333,6.37,3.6,1,NA,NA,NA,0,0,0,,0,0,0,0,0,1,0,,1,1,2,2,2,Turf,0,0,419.21
Virginia Tech,2019,4.5,-0.3,4.8,-6.7,3.4,-3,Away,9,27,Fri,0,19.000,W,45,10,35,0,59537,91,1,40004,0,0,0,0,0,0,1,0,Fair,0,1,78.4,56.6,Blacksburg,VA,0.491,ESPN,0,0.583333333,6.37,3.6,1,NA,NA,NA,0,0,0,,0,0,0,0,0,1,0,,2,2,2,3,3,Grass,0,0,119.79
Pittsburgh,2019,0.3,-0.3,0.6,-6.7,4.8,-1.6,Home,10,5,Sat,1,20.000,L,30,33,-3,0,22610,56.51934807,1,40004,0,0,0,0,0,0,1,0,Cloudy,0,2,62.1,66.5,Durham,NC,0.718,ACCN,0,0.583333333,6.37,3.6,1,NA,NA,NA,0,0,0,,1,0,0,0,0,1,0,0,3,2,3,3,4,Grass,0,0,312.94
Georgia Tech,2019,-10.8,-0.3,-10.5,-6.7,6.9,0.5,Home,10,12,Sat,1,12.500,W,41,23,18,0,21741,54.34706529,1,40004,0,0,0,0,0,0,1,0,Cloudy,0,2,77,43.5,Durham,NC,NA,ACCNX,0,0.583333333,6.37,3.6,1,NA,NA,NA,0,0,0,,0,0,0,0,0,0,1,1,0,1,2,3,3,Grass,0,0,347.61
Virginia,2019,6.6,-0.3,6.9,-6.7,6.4,0,Away,10,19,Sat,1,15.500,L,14,48,-34,0,52847,86,1,40004,0,0,0,0,0,0,1,0,,,,63.5,41.6,Charlottesville,VA,0.426,ACCN,0,0.583333333,6.37,3.6,1,NA,NA,NA,0,0,0,,0,0,0,0,0,0,0,,1,1,2,3,4,Grass,0,0,142.54
North Carolina,2019,8.4,-0.3,8.7,-6.7,-2.6,-9,Away,10,26,Sat,1,16.000,L,17,20,-3,0,50500,99,1,40004,0,0,1,0,0,0,1,0,Cloudy,0,2,75.9,51.6,Chapel Hill,NC,0.448,ACCNX,0,0.583333333,6.37,3.6,1,NA,NA,NA,0,0,0,,0,0,0,0,0,0,1,,0,1,1,2,3,Grass,1,1,10.42
Notre Dame,2019,20.9,-0.3,21.2,-6.7,19.3,12.9,Home,11,9,Sat,1,19.500,L,7,38,-31,0,40004,100,1,40004,0,0,0,0,0,0,1,0,Fair,0,1,36.1,77.3,Durham,NC,0.291,ACCN,0,0.583333333,6.37,3.6,1,NA,15,12,0,1,1,,0,0,0,0,0,0,1,1,0,0,1,1,2,Grass,0,0,557.63
Syracuse,2019,-1.6,-0.3,-1.3,-6.7,10.8,4.4,Home,11,16,Sat,1,16.000,L,6,49,-43,0,16286,40.71092891,1,40004,0,0,0,0,0,0,1,0,Rain,1,5,47.3,56.6,Durham,NC,0.753,ACCN,0,0.583333333,6.37,3.6,1,NA,NA,NA,0,0,0,,0,0,0,0,0,0,1,1,0,0,0,1,1,Grass,0,0,508.89
Wake Forest,2019,2.9,-0.3,3.2,-6.7,2.7,-3.7,Away,11,23,Sat,1,19.500,L,27,39,-12,0,24130,77,1,40004,0,0,0,0,0,0,1,0,Rain,1,5,44.2,96.4,Winston-Salem,NC,0.294,ACCN,0,0.583333333,6.37,3.6,1,NA,NA,NA,0,0,0,,0,0,0,0,0,0,1,,0,0,0,0,1,Turf,1,1,75.75
Miami (Fla.),2019,5.4,-0.3,5.7,-6.7,11.2,4.8,Home,11,30,Sat,1,15.500,W,27,17,10,0,15913,39.77852215,1,40004,0,0,0,0,0,0,1,0,Light Rain,1,4,48.2,86.8,Durham,NC,0.321,ESPN2,0,0.583333333,6.37,3.6,1,NA,NA,NA,0,0,0,,1,0,1,0,0,0,1,1,0,0,0,0,0,Grass,0,0,716.28
Notre Dame,2020,19.3,-7.3,26.6,-7,20.9,21.2,Away,9,12,Sat,1,14.500,L,13,27,-14,1,10097,12,1,40004,0,0,0,1,0,0,1,0,,,,71.8,79.5,Notre Dame,IN,0.124,NBC,0,0.416666667,0.11,2.03,0,NA,10,4,0,1,1,,0,0,0,0,NA,NA,NA,,1,1,1,1,1,Turf,0,0,557.63
Boston College,2020,2.9,-7.3,10.2,-7,-1.5,-1.2,Home,9,19,Sat,1,12.000,L,6,26,-20,1,NA,NA,1,40004,0,0,0,0,1,0,1,0,Cloudy,0,2,60.3,51.3,Durham,NC,NA,ESPN3,0,0.416666667,0.11,2.03,0,NA,NA,NA,0,0,0,,0,0,0,0,0,NA,1,,0,1,1,1,1,Grass,0,0,600.94
Virginia,2020,2.6,-7.3,9.9,-7,6.6,6.9,Away,9,26,Sat,1,16.000,L,20,38,-18,1,NA,NA,1,40004,0,0,0,0,0,0,1,0,,,,70.9,70.6,Charlottesville,VA,0.515,ACCN,0,0.416666667,0.11,2.03,0,NA,NA,NA,0,0,0,,0,0,0,0,0,0,1,,0,0,1,1,1,Grass,0,0,142.54
Virginia Tech,2020,7.3,-7.3,14.6,-7,4.5,4.8,Home,10,3,Sat,1,16.000,L,31,38,-7,1,NA,NA,1,40004,0,0,0,0,0,0,1,0,Fair,0,1,66.2,46.7,Durham,NC,NA,ACCN,0,0.416666667,0.11,2.03,0,NA,NA,NA,0,0,0,,0,0,0,0,0,0,1,1,0,0,0,1,1,Grass,0,0,119.79
Syracuse,2020,-8.5,-7.3,-1.2,-7,-1.6,-1.3,Away,10,10,Sat,1,12.500,W,38,24,14,1,NA,NA,1,40004,0,0,0,0,0,0,1,0,Cloudy,0,2,74.7,53,Syracuse,NY,0.503,ESPN3,0,0.416666667,0.11,2.03,0,NA,NA,NA,0,0,0,,0,0,0,0,0,0,1,,0,0,0,0,1,Turf,0,0,508.89
North Carolina St.,2020,1.5,-7.3,8.8,-7,-7.1,-6.8,Away,10,17,Sat,1,15.500,L,20,31,-11,1,4032,7,1,40004,0,0,0,0,0,0,1,0,Fair,0,1,61.7,45.5,Raleigh,NC,0.321,ESPN3,0,0.416666667,0.11,2.03,0,NA,NA,24,0,0,1,,0,0,0,0,0,0,0,,1,1,1,1,1,Grass,1,1,21.14
Charlotte,2020,-12.6,-7.3,-5.3,-7,-11.7,-11.4,Home,10,31,Sat,1,19.000,W,53,19,34,1,NA,NA,1,40004,0,0,0,0,0,0,1,0,Fair,0,1,50.9,78,Durham,NC,0.715,ESPN3,0,0.416666667,0.11,2.03,0,NA,NA,NA,0,0,0,,0,0,0,0,0,0,1,1,0,1,1,1,1,Grass,0,0,121.40
North Carolina,2020,10.2,-7.3,17.5,-7,8.4,8.7,Home,11,7,Sat,1,12.000,L,24,56,-32,1,NA,NA,1,40004,0,0,1,0,0,0,1,0,Fair,0,1,73,66.2,Durham,NC,0.22,ESPN2,0,0.416666667,0.11,2.03,0,NA,NA,14,0,0,1,,0,0,0,0,0,0,0,0,1,1,2,2,2,Grass,1,1,10.42
Georgia Tech,2020,-4.7,-7.3,2.6,-7,-10.8,-10.5,Away,11,28,Sat,1,19.000,L,33,56,-23,1,11000,20,1,40004,0,0,0,0,0,0,1,0,Cloudy,0,2,57,64.6,Atlanta,GA,0.471,ESPN3,0,0.416666667,0.11,2.03,0,NA,NA,NA,0,0,0,,0,0,1,0,0,0,1,,0,1,1,2,2,Grass,0,0,347.61
Miami (Fla.),2020,10.2,-7.3,17.5,-7,5.4,5.7,Home,12,5,Sat,1,20.000,L,0,48,-48,1,NA,NA,1,40004,0,0,0,0,0,0,1,0,Clear,0,0,42.4,64.3,Durham,NC,0.194,ACCN,0,0.416666667,0.11,2.03,0,NA,10,18,0,1,1,,0,0,0,0,0,0,1,1,0,0,1,1,2,Grass,0,0,716.28
Florida St.,2020,-3.8,-7.3,3.5,-7,4,4.3,Away,12,12,Sat,1,16.000,L,35,56,-21,1,14872,19,1,40004,0,0,0,0,0,0,1,0,Fair,0,1,72,57,Tallahassee,FL,0.325,ACCN,0,0.416666667,0.11,2.03,0,NA,NA,NA,0,0,0,,0,0,0,0,0,0,1,,0,0,0,1,1,Grass,0,0,493.91
Charlotte,2021,-16,-15,-1,-7.7,-12.6,-5.3,Away,9,3,Fri,0,19.000,L,28,31,-3,0,14125,92,1,40004,0,0,0,1,0,0,1,0,,,,72,61,Charlotte,NC,0.642,CBSSN,0,0.181818182,-12.88,-1.6,0,NA,NA,NA,0,0,0,,0,0,0,1,NA,NA,NA,,0,0,0,0,1,Turf,0,0,121.40
N.C. A&T,2021,NA,-15,NA,-7.7,NA,NA,Home,9,10,Fri,0,20.000,W,45,17,28,0,18091,45.2229777,1,40004,0,0,0,0,1,0,1,0,Fair,0,1,64.8,87,Durham,NC,0.925,ACCN,0,0.181818182,-12.88,-1.6,0,NA,NA,NA,0,0,0,,0,0,0,0,0,NA,1,,0,0,0,0,0,Grass,1,0,50.21
Northwestern,2021,-7.5,-15,7.5,-7.7,12.8,20.1,Home,9,18,Sat,1,16.000,W,30,23,7,0,12323,30.80441956,1,40004,0,0,0,0,0,0,1,0,Cloudy,0,2,84.6,59,Durham,NC,0.561,ACCN,0,0.181818182,-12.88,-1.6,0,NA,NA,NA,0,0,0,,0,0,0,0,0,1,0,0,1,1,1,1,1,Grass,0,0,629.97
Kansas,2021,-15.2,-15,-0.2,-7.7,-15.2,-7.9,Home,9,25,Sat,1,16.000,W,52,33,19,0,19128,47.81521848,1,40004,0,0,0,0,0,0,1,0,Cloudy,0,2,73.8,45,Durham,NC,0.068,ACCN,0,0.181818182,-12.88,-1.6,0,NA,NA,NA,0,0,0,,0,0,0,0,0,1,0,0,2,2,2,2,2,Grass,0,0,917.66
North Carolina,2021,5.8,-15,20.8,-7.7,10.2,17.5,Away,10,2,Sat,1,12.000,L,7,38,-31,0,45812,90,1,40004,0,0,1,0,0,0,1,0,Fair,0,1,80.6,49,Chapel Hill,NC,0.161,ESPN2,0,0.181818182,-12.88,-1.6,0,NA,NA,NA,0,0,0,,1,0,0,0,0,1,0,,3,2,3,3,3,Grass,1,1,10.42
Georgia Tech,2021,-3.8,-15,11.2,-7.7,-4.7,2.6,Home,10,9,Sat,1,12.500,L,27,31,-4,0,11849,29.61953805,1,40004,0,0,0,0,0,0,1,0,Heavy Rain,1,6,66.6,97,Durham,NC,0.312,ESPN3,0,0.181818182,-12.88,-1.6,0,NA,NA,NA,0,0,0,,0,0,0,0,0,1,1,0,0,1,2,3,3,Grass,0,0,347.61
Virginia,2021,4.8,-15,19.8,-7.7,2.6,9.9,Away,10,16,Sat,1,12.500,L,0,48,-48,0,38489,63,1,40004,0,0,0,0,0,0,1,0,,,,66.6,81,Charlottesville,VA,0.159,ESPN3,0,0.181818182,-12.88,-1.6,0,NA,NA,NA,0,0,0,,0,0,0,0,0,0,1,,0,0,1,2,3,Grass,0,0,142.54
Wake Forest,2021,9.6,-15,24.6,-7.7,5,12.3,Away,10,30,Sat,1,16.000,L,7,45,-38,0,31613,100,1,40004,0,0,0,0,0,0,1,0,,,,57.2,72,Winston-Salem,NC,0.111,ACCN,0,0.181818182,-12.88,-1.6,0,NA,13,15,0,1,1,,0,0,0,0,0,0,1,,0,0,0,1,2,Turf,1,1,75.75
Pittsburgh,2021,14.2,-15,29.2,-7.7,5.5,12.8,Home,11,6,Sat,1,12.000,L,29,54,-25,0,20693,51.72732727,1,40004,0,0,0,0,0,0,1,0,Overcast,0,3,52.2,56,Durham,NC,0.066,ACCN,0,0.181818182,-12.88,-1.6,0,NA,25,13,0,1,1,,0,0,0,0,0,0,1,1,0,0,0,0,1,Grass,0,0,312.94
Virginia Tech,2021,1.1,-15,16.1,-7.7,7.3,14.6,Away,11,13,Sat,1,15.500,L,17,48,-31,0,56730,86,1,40004,0,0,0,0,0,0,1,0,,,,41.2,55,Blacksburg,VA,0.084,ACCN,0,0.181818182,-12.88,-1.6,0,NA,NA,NA,0,0,0,,0,0,0,0,0,0,1,,0,0,0,0,0,Grass,0,0,119.79
Louisville,2021,4.9,-15,19.9,-7.7,6.2,13.5,Home,11,18,Thu,0,19.500,L,22,62,-40,0,8493,21.23037696,1,40004,0,0,0,0,0,0,1,0,Fair,0,1,66.6,78,Durham,NC,0.131,ESPN,0,0.181818182,-12.88,-1.6,0,NA,NA,NA,0,0,0,,0,0,0,0,0,0,1,1,0,0,0,0,0,Grass,0,0,408.82
Miami (Fla.),2021,9.5,-15,24.5,-7.7,10.2,17.5,Home,11,27,Sat,1,12.500,L,10,47,-37,0,17391,43.47315268,1,40004,0,0,0,0,0,0,1,0,Fair,0,1,50.4,28,Durham,NC,0.133,ESPN3,0,0.181818182,-12.88,-1.6,0,NA,NA,NA,0,0,0,,1,0,1,0,0,0,1,1,0,0,0,0,0,Grass,0,0,716.28
Temple,2022,-11.8,5.3,-17.1,20.3,-23.4,-8.4,Home,9,2,Fri,0,19.500,W,30,0,30,0,20722,51.79982002,1,40004,0,0,0,1,1,1,0,0,Fair,0,1,83.8,50,Durham,NC,0.771,ACCN,0,0.25,-11.76,-0.76,0,NA,NA,NA,0,0,0,1,0,0,0,1,NA,NA,NA,,0,0,0,0,0,Grass,0,0,340.77
Northwestern,2022,-7.6,5.3,-12.9,20.3,-7.5,7.5,Away,9,10,Sat,1,12.000,W,31,23,8,0,24622,52,1,40004,0,0,0,0,0,1,0,0,Clear,0,0,80.2,47,Evanston,IL,0.313,FS1,0,0.25,-11.76,-0.76,0,NA,NA,NA,0,0,0,1,0,0,0,0,1,1,0,,1,1,1,1,1,Grass,0,0,629.97
N.C. A&T,2022,NA,5.3,NA,20.3,NA,NA,Home,9,17,Sat,1,18.000,W,49,20,29,0,32802,81.99680032,1,40004,0,0,0,0,0,1,0,0,Fair,0,1,79.3,39,Durham,NC,,ACCNX,0,0.25,-11.76,-0.76,0,NA,NA,NA,0,0,0,1,0,0,0,0,1,1,0,0,2,2,2,2,2,Grass,1,0,50.21
Kansas,2022,3.4,5.3,-1.9,20.3,-15.2,-0.2,Away,9,24,Sat,1,12.000,L,27,35,-8,0,47233,100,1,40004,0,0,0,0,0,1,0,0,Clear,0,0,80.4,49,Lawrence,KS,0.258,FS1,0,0.25,-11.76,-0.76,0,NA,NA,NA,0,0,0,1,0,0,0,0,1,1,0,,3,2,3,3,3,Turf,0,0,917.66
Virginia,2022,-4,5.3,-9.3,20.3,4.8,19.8,Home,10,1,Sat,1,19.500,W,38,17,21,0,15152,37.87621238,1,40004,0,0,0,0,0,1,0,0,Overcast,0,3,63,86,Durham,NC,0.572,ESPN3,0,0.25,-11.76,-0.76,0,NA,NA,NA,0,0,0,1,0,0,0,0,0,1,1,0,0,1,2,3,3,Grass,0,0,142.54
Georgia Tech,2022,-3.5,5.3,-8.8,20.3,-3.8,11.2,Away,10,8,Sat,1,16.000,L,20,23,-3,0,32041,58,1,40004,0,0,0,0,0,1,0,0,Clear,0,0,72.7,21,Atlanta,GA,0.542,ESPN3,0,0.25,-11.76,-0.76,0,NA,NA,NA,0,0,0,1,1,0,0,0,0,1,0,,1,1,2,3,4,Grass,0,0,347.61
North Carolina,2022,6.2,5.3,0.9,20.3,5.8,20.8,Home,10,15,Sat,1,20.000,L,35,38,-3,0,40004,100,1,40004,0,0,1,0,0,1,0,0,Fair,0,1,67.3,51,Durham,NC,0.336,ACCN,0,0.25,-11.76,-0.76,0,NA,NA,NA,0,0,0,1,0,0,0,0,0,1,1,0,0,1,1,2,3,Grass,1,1,10.42
Miami (Fla.),2022,-0.5,5.3,-5.8,20.3,9.5,24.5,Away,10,22,Sat,1,12.500,W,45,21,24,0,57421,88,1,40004,0,0,0,0,0,1,0,0,Clear,0,0,81,51,Miami Gardens,FL,0.244,ESPN3,0,0.25,-11.76,-0.76,0,NA,NA,NA,0,0,0,1,0,0,0,0,0,0,1,,0,0,1,1,2,Grass,0,0,716.28
Boston College,2022,-7.4,5.3,-12.7,20.3,0,15,Away,11,4,Fri,0,19.000,W,38,31,7,0,34092,77,1,40004,0,0,0,0,0,1,0,0,Fair,0,1,62.6,75,Chestnut Hill,MA,0.752,ESPN2,0,0.25,-11.76,-0.76,0,NA,NA,NA,0,0,0,1,0,0,0,0,0,0,0,,1,1,1,2,2,Turf,0,0,600.94
Virginia Tech,2022,-6.2,5.3,-11.5,20.3,1.1,16.1,Home,11,12,Sat,1,12.000,W,24,7,17,0,20857,52.13728627,1,40004,0,0,0,0,0,1,0,0,Cloudy,0,2,72.3,71,Durham,NC,0.795,ESPN3,0,0.25,-11.76,-0.76,0,NA,NA,NA,0,0,0,1,0,0,0,0,0,0,0,1,2,2,2,2,3,Grass,0,0,119.79
Pittsburgh,2022,7.9,5.3,2.6,20.3,14.2,29.2,Away,11,19,Sat,1,12.000,L,26,28,-2,0,45362,66,1,40004,0,0,0,0,0,1,0,0,Cloudy,0,2,29.8,48,Pittsburgh,PA,0.299,ACCN,0,0.25,-11.76,-0.76,0,NA,NA,22,0,0,1,1,0,0,0,0,0,0,0,,3,2,3,3,3,Grass,0,0,312.94
Wake Forest,2022,7.6,5.3,2.3,20.3,9.6,24.6,Home,11,26,Sat,1,15.500,W,34,31,3,0,17492,43.72562744,1,40004,0,0,0,0,0,1,0,0,Cloudy,0,2,57.4,49,Durham,NC,0.492,ACCN,0,0.25,-11.76,-0.76,0,NA,NA,NA,0,0,0,1,1,0,1,0,0,0,1,0,0,1,2,3,3,Grass,1,1,75.75
UCF,2022,6.9,5.3,1.6,20.3,2.3,17.3,Neutral,12,28,Wed,0,14.000,W,30,13,17,0,17974,53,1,40004,0,0,0,0,0,1,0,0,,,,,,Annapolis,MD,0.411,ESPN,1,0.25,-11.76,-0.76,0,NA,NA,NA,0,0,0,1,1,0,0,0,0,0,0,,1,1,2,3,4,Turf,0,0,535.08
Clemson,2023,13.5,8.9,4.6,3.7,17.6,12.3,Home,9,4,Mon,0,20.000,W,28,7,21,0,31638,79.08709129,1,40004,0,0,0,1,1,1,0,0,Fair,0,1,83.3,61,Durham,NC,0.872,ESPN,0,0.75,7.39,-1.84,1,NA,9,NA,0,1,0,1,1,1,0,1,NA,NA,NA,,2,2,2,3,4,Grass,0,0,239.73
Lafayette,2023,NA,8.9,NA,3.7,NA,NA,Home,9,9,Sat,1,18.000,W,42,7,35,0,17481,43.69813019,1,40004,0,0,0,0,0,1,0,0,Light Rain,1,4,74.3,88,Durham,NC,0.993,ACCNX,0,0.75,7.39,-1.84,1,21,NA,NA,1,0,0,1,0,0,0,0,1,1,0,0,3,2,3,3,4,Grass,0,0,380.61
Northwestern,2023,0.8,8.9,-8.1,3.7,-7.6,-12.9,Home,9,16,Sat,1,15.500,W,38,14,24,0,18141,45.3479652,1,40004,0,0,0,0,0,1,0,0,Fair,0,1,85.3,43,Durham,NC,0.698,ACCN,0,0.75,7.39,-1.84,1,21,NA,NA,1,0,0,1,0,0,0,0,1,1,0,0,4,2,3,4,4,Grass,0,0,629.97
Connecticut,2023,-15.7,8.9,-24.6,3.7,-14.7,-20,Away,9,23,Sat,1,15.500,W,41,7,34,0,29033,73,1,40004,0,0,0,0,0,1,0,0,Rain,1,5,62.6,72,East Hartford,CT,0.928,CBSSN,0,0.75,7.39,-1.84,1,18,NA,NA,1,0,0,1,0,0,0,0,1,1,0,,5,2,3,4,5,Grass,0,0,537.14
Notre Dame,2023,22.1,8.9,13.2,3.7,12.6,7.3,Home,9,30,Sat,1,19.500,L,14,21,-7,0,40768,101.909809,1,40004,0,0,0,0,0,1,0,0,Fair,0,1,66.6,81,Durham,NC,0.3,ABC,0,0.75,7.39,-1.84,1,17,11,15,1,1,1,1,0,0,0,0,1,1,0,0,6,2,3,4,5,Grass,0,0,557.63
North Carolina St.,2023,7.3,8.9,-1.6,3.7,6.5,1.2,Home,10,14,Sat,1,20.000,W,24,3,21,0,31833,79.57454255,1,40004,0,0,0,0,0,1,0,0,Cloudy,0,2,63.3,93,Durham,NC,0.774,ACCN,0,0.75,7.39,-1.84,1,17,NA,19,1,0,1,0,1,0,0,0,0,0,1,1,0,1,2,3,4,Grass,1,1,21.14
Florida St.,2023,16.8,8.9,7.9,3.7,15.5,10.2,Away,10,21,Sat,1,19.500,L,20,38,-18,0,79560,100,1,40004,0,0,0,0,0,1,0,0,Clear,0,0,66,68,Tallahassee,FL,0.19,ABC,0,0.75,7.39,-1.84,1,16,4,4,1,1,1,1,0,0,0,0,0,0,0,,1,1,2,3,4,Grass,0,0,493.91
Louisville,2023,10.9,8.9,2,3.7,10.7,5.4,Away,10,28,Sat,1,15.500,L,0,23,-23,0,52319,87,1,40004,0,0,0,0,0,1,0,0,Light Rain,1,4,64.2,75,Louisville,KY,0.482,ESPN,0,0.75,7.39,-1.84,1,20,18,16,1,1,1,1,0,0,0,0,0,0,1,,0,1,1,2,3,Turf,0,0,408.82
Wake Forest,2023,-1.7,8.9,-10.6,3.7,7.6,2.3,Home,11,2,Thu,0,19.500,W,24,21,3,0,18277,45.68793121,1,40004,0,0,0,0,0,1,0,0,Fair,0,1,43,60,Durham,NC,0.812,ESPN,0,0.75,7.39,-1.84,1,NA,NA,NA,0,0,0,0,0,0,0,0,0,0,1,0,0,0,1,1,2,Grass,1,1,75.75
North Carolina,2023,8.7,8.9,-0.2,3.7,6.2,0.9,Away,11,11,Sat,1,20.000,L,45,47,-2,0,50500,99,1,40004,0,0,1,0,0,1,0,0,Overcast,0,3,54,61,Chapel Hill,NC,0.36,ACCN,0,0.75,7.39,-1.84,1,NA,24,NA,0,1,0,0,0,0,0,0,0,0,0,,1,1,1,2,2,Turf,1,1,10.42
Virginia,2023,-5.1,8.9,-14,3.7,-4,-9.3,Away,11,18,Sat,1,15.000,L,27,30,-3,0,36400,59,1,40004,0,0,0,0,0,1,0,0,Clear,0,0,61.2,21,Charlottesville,VA,0.798,CW,0,0.75,7.39,-1.84,1,NA,NA,NA,0,0,0,0,0,0,0,0,0,0,1,,0,1,1,1,2,Grass,0,0,142.54
Pittsburgh,2023,-0.5,8.9,-9.4,3.7,7.9,2.6,Home,11,25,Sat,1,12.000,W,30,19,11,0,17639,44.09309069,1,40004,0,0,0,0,0,1,0,0,Fair,0,1,49.3,42,Durham,NC,0.788,ACCN,0,0.75,7.39,-1.84,1,NA,NA,NA,0,0,0,0,1,0,1,0,0,0,1,0,0,0,1,1,1,Grass,0,0,312.94
Troy,2023,5.8,8.9,-3.1,3.7,1.9,-3.4,Neutral,12,23,Sat,1,11.000,W,17,10,7,0,20023,43,1,40004,0,0,0,0,0,1,0,0,,,,,,Birmingham,AL,0.565,ABC,1,0.75,7.39,-1.84,1,NA,NA,NA,0,0,0,0,1,0,0,0,0,0,0,,1,1,1,2,2,Turf,0,0,497.83
Elon,2024,NA,3.7,NA,-5.2,NA,NA,Home,8,30,Fri,0,19.500,W,26,3,23,0,18466,52.73288023,1,35018,1,0,0,1,1,0,0,1,,0,,,,Durham,NC,0.933,ACCN,0,0.666666666,9.02,3.1,1,NA,NA,,0,0,0,1,0,0,0,1,NA,NA,NA,,2,2,2,2,3,Grass,1,0,34.79
Northwestern,2024,-5,3.7,-8.7,-5.2,0.8,-8.1,Away,9,6,Fri,0,21.000,W,26,20,6,0,11062,,1,35018,1,0,0,0,0,0,0,1,,,,,,Evanston,IL,0.49,FS1,0,0.666666666,9.02,3.1,1,NA,NA,,0,0,0,1,0,0,0,0,1,1,0,,3,2,3,3,3,,0,0,629.97
Connecticut,2024,-3.3,3.7,-7,-5.2,-15.7,-24.6,Home,9,14,Sat,1,18.000,W,26,21,5,0,20174,57.61037181,1,35018,1,0,0,0,0,0,0,1,Light Rain,1,4,,,Durham,NC,0.756,ACCNX,0,0.666666666,9.02,3.1,1,NA,NA,,0,0,0,1,0,0,0,0,1,1,0,0,4,2,3,4,4,Grass,0,0,537.14
Middle Tenn. St.,2024,-19.4,3.7,-23.1,-5.2,-10.4,-19.3,Away,9,21,Sat,1,16.000,W,45,17,28,0,15209,,1,35018,1,0,0,0,0,0,0,1,,,,,,Murfreesboro,TN,0.82,ESPNU,0,0.666666666,9.02,3.1,1,NA,NA,,0,0,0,1,0,0,0,0,1,1,0,,5,2,3,4,5,,0,0,419.21
North Carolina,2024,2.6,3.7,-1.1,-5.2,8.7,-0.2,Home,9,28,Sat,1,16.000,W,21,20,1,0,35018,100,1,35018,1,0,1,0,0,0,0,1,,0,,,,Durham,NC,0.652,ESPN2,0,0.666666666,9.02,3.1,1,NA,NA,,0,0,0,1,0,0,0,0,1,1,0,0,6,2,3,4,5,Grass,1,1,10.42
Georgia Tech,2024,7.4,3.7,3.7,-5.2,4.1,-4.8,Away,10,5,Sat,1,20.000,L,14,24,-10,0,37287,,1,35018,1,0,0,0,0,0,0,1,,,,,,Atlanta,GA,0.291,ACCN,0,0.666666666,9.02,3.1,1,NA,NA,,0,0,0,1,0,0,0,0,1,1,0,,7,2,3,4,5,,0,0,347.61
Florida St.,2024,-3.9,3.7,-7.6,-5.2,16.8,7.9,Home,10,18,Fri,0,19.000,W,23,16,7,0,30735,87.7691473,1,35018,1,0,0,0,0,0,0,1,,0,,,,Durham,NC,0.601,ESPN2,0,0.666666666,9.02,3.1,1,NA,NA,,0,0,0,1,0,0,0,0,0,1,1,0,0,1,2,3,4,Grass,0,0,493.91
SMU,2024,16.4,3.7,12.7,-5.2,11.9,3,Home,10,26,Sat,1,20.000,L,27,28,-1,0,30241,86.35844423,1,35018,1,0,0,0,0,0,0,1,,0,,,,Durham,NC,0.224,ACCN,0,0.666666666,9.02,3.1,1,NA,22,,0,1,1,1,0,0,0,0,0,1,0,0,1,1,2,3,4,Grass,0,0,1043.28
Miami (Fla.),2024,17.3,3.7,13.6,-5.2,10.1,1.2,Away,11,2,Sat,1,12.000,L,31,53,-22,0,60189,,1,35018,1,0,0,0,0,0,0,1,,,,,,Miami Gardens,FL,0.086,ABC,0,0.666666666,9.02,3.1,1,NA,5,,0,1,1,1,0,0,0,0,0,0,1,,0,1,1,2,3,,0,0,716.28
North Carolina St.,2024,0.4,3.7,-3.3,-5.2,7.3,-1.6,Away,11,9,Sat,1,15.500,W,29,19,10,0,56919,,1,35018,1,0,0,0,0,0,0,1,,,,,,Raleigh,NC,0.558,ACCN,0,0.666666666,9.02,3.1,1,NA,NA,,0,0,0,1,0,0,0,0,0,0,1,,0,0,1,1,2,,1,1,21.14
Virginia Tech,2024,8.9,3.7,5.2,-5.2,5.1,-3.8,Home,11,23,Sat,1,20.000,W,31,28,3,0,22462,64.14415443,1,35018,1,0,0,0,0,0,0,1,,0,,,,Durham,NC,0.393,ACCN,0,0.666666666,9.02,3.1,1,NA,NA,,0,0,0,1,0,0,0,0,0,0,0,1,1,1,1,2,2,Grass,0,0,119.79
Wake Forest,2024,-5.1,3.7,-8.8,-5.2,-1.7,-10.6,Away,11,30,Sat,1,12.000,W,23,17,6,0,24776,,1,35018,1,0,0,0,0,0,0,1,,,,,,Winston-Salem,NC,0.696,ACCN,0,0.666666666,9.02,3.1,1,NA,NA,,0,0,0,1,1,0,1,0,0,0,0,,2,2,2,2,3,,1,1,75.75
Ole Miss,2025,20.6,3.7,16.9,-5.2,16.4,7.5,Neutral,1,2,Thu,0,19.500,,,,,0,,,1,35018,1,1,0,0,0,0,0,1,,,,,,Jacksonville,FL,0.169,ESPN,1,,,,,NA,14,,0,1,1,1,0,0,0,0,0,0,0,,3,2,3,3,3,,0,0,
Illinois,2025,,,,,5.2,1.5,Home,9,6,Sat,1,,,,,,0,,,1,35018,,1,0,1,1,0,0,1,,,,,,,,,,,0.75,5.76,0.76,1,,,,,,,,,,0,0,,,,,,,,,,,0,0,579.52
Georgia Tech,2025,,,,,7.4,3.7,Home,,,,,,,,,,0,,,1,35018,,1,0,0,0,0,0,1,,,,,,,,,,,0.75,5.76,0.76,1,,,,,,,,,,,,,,,,,,,,,,0,0,347.61
North Carolina St.,2025,,,,,0.4,-3.3,Home,,,,,,,,,,0,,,1,35018,,1,0,0,0,0,0,1,,,,,,,,,,,0.75,5.76,0.76,1,,,,,,,,,,,,,,,,,,,,,,1,1,21.14
Virginia,2025,,,,,-5.1,-14,Home,,,,,,,,,,0,,,1,35018,,1,0,0,0,0,0,1,,,,,,,,,,,0.75,5.76,0.76,1,,,,,,,,,,,,,,,,,,,,,,0,0,142.54
Wake Forest,2025,,,,,-5.1,-8.8,Home,,,,,,,,,,0,,,1,35018,,1,0,0,0,0,0,1,,,,,,,,,,,0.75,5.76,0.76,1,,,,,,,,,,,,,,,,,,,,,,1,1,75.75
Tulane,2025,,,,,,,Away,9,13,Sat,1,,,,,,0,,,1,35018,,1,0,0,0,0,0,1,,,,,,,,,,,0.75,5.76,0.76,1,,,,,,,,,,0,0,,,,,,,,,,,0,0,
Connecticut,2025,,,,,,,Away,11,8,Sat,1,,,,,,0,,,1,35018,,1,0,0,0,0,0,1,,,,,,,,,,,0.75,5.76,0.76,1,,,,,,,,,,0,0,,,,,,,,,,,0,0,537.14
California,2025,,,,,,,Away,,,,,,,,,,0,,,1,35018,,1,0,0,0,0,0,1,,,,,,,,,,,0.75,5.76,0.76,1,,,,,,,,,,,,,,,,,,,,,,0,0,
Clemson,2025,,,,,,,Away,,,,,,,,,,0,,,1,35018,,1,0,0,0,0,0,1,,,,,,,,,,,0.75,5.76,0.76,1,,,,,,,,,,,,,,,,,,,,,,0,0,239.73
North Carolina,2025,,,,,,,Away,,,,,,,,,,0,,,1,35018,,1,1,0,0,0,0,1,,,,,,,,,,,0.75,5.76,0.76,1,,,,,,,,,,,,,,,,,,,,,,1,1,10.42
Syracuse,2025,,,,,,,Away,,,,,,,,,,0,,,1,35018,,1,0,0,0,0,0,1,,,,,,,,,,,0.75,5.76,0.76,1,,,,,,,,,,,,,,,,,,,,,,0,0,